{
  "clean_topk": [
    [
      1,
      0.047619047619047616
    ],
    [
      2,
      0.047619047619047616
    ],
    [
      3,
      0.047619047619047616
    ]
  ],
  "clean_rank_list": [
    124,
    15,
    356,
    0,
    3,
    145,
    58,
    83,
    115,
    90,
    35,
    185,
    105,
    156,
    10,
    38,
    37,
    214,
    72,
    163,
    63,
    52,
    0,
    281,
    49,
    63,
    7,
    30,
    17,
    6,
    75,
    20,
    8,
    4,
    123,
    18,
    48,
    204,
    128,
    112,
    41,
    146
  ],
  "intervention_topk": [
    [
      1,
      0.21428571428571427
    ],
    [
      2,
      0.2857142857142857
    ],
    [
      3,
      0.3333333333333333
    ]
  ],
  "intervention_rank_list": [
    48,
    6,
    120,
    0,
    0,
    13,
    24,
    76,
    22,
    13,
    1,
    18,
    7,
    8,
    0,
    8,
    9,
    114,
    0,
    67,
    0,
    11,
    0,
    87,
    18,
    12,
    0,
    13,
    7,
    2,
    29,
    9,
    0,
    2,
    74,
    1,
    0,
    42,
    22,
    24,
    1,
    13
  ]
}