{
  "clean_topk": [
    [
      1,
      0.047619047619047616
    ],
    [
      2,
      0.07142857142857142
    ],
    [
      3,
      0.11904761904761904
    ]
  ],
  "clean_rank_list": [
    17,
    19,
    2,
    109,
    30,
    11,
    15,
    3,
    14,
    3,
    5,
    1,
    27,
    118,
    449,
    44,
    3,
    3,
    3,
    18,
    34,
    0,
    8,
    0,
    3,
    3,
    10,
    5,
    22,
    7,
    20,
    23,
    3,
    25,
    7,
    15,
    6,
    4,
    19,
    28,
    3,
    2
  ],
  "intervention_topk": [
    [
      1,
      0.9285714285714286
    ],
    [
      2,
      0.9523809523809523
    ],
    [
      3,
      0.9761904761904762
    ]
  ],
  "intervention_rank_list": [
    0,
    0,
    0,
    0,
    1,
    2,
    0,
    0,
    0,
    0,
    0,
    0,
    0,
    0,
    170,
    0,
    0,
    0,
    0,
    0,
    0,
    0,
    0,
    0,
    0,
    0,
    0,
    0,
    0,
    0,
    0,
    0,
    0,
    0,
    0,
    0,
    0,
    0,
    0,
    0,
    0,
    0
  ]
}