{
  "clean_topk": [
    [
      1,
      0.009404388714733543
    ],
    [
      2,
      0.1536050156739812
    ],
    [
      3,
      0.19435736677115986
    ]
  ],
  "clean_rank_list": [
    256,
    1,
    5,
    293,
    55,
    6,
    9,
    188,
    200,
    72,
    109,
    2251,
    1,
    110,
    4,
    38,
    244,
    15,
    1,
    369,
    15,
    512,
    2,
    905,
    55,
    23,
    131,
    7,
    64,
    7,
    1854,
    720,
    3,
    143,
    1,
    1,
    16,
    2,
    17,
    1,
    4,
    20,
    13,
    227,
    23,
    3764,
    34,
    5,
    1,
    10,
    49,
    10,
    2,
    0,
    1,
    38,
    56,
    78,
    299,
    337,
    112,
    239,
    27,
    6,
    62,
    5,
    33,
    10,
    1,
    16,
    236,
    11,
    1,
    90,
    1,
    22,
    20,
    3666,
    4,
    31,
    1,
    227,
    1,
    53,
    20,
    4,
    2,
    5,
    427,
    1,
    7,
    8,
    22,
    62,
    45,
    37,
    136,
    1,
    27,
    3,
    1,
    23,
    6,
    65,
    1,
    3,
    9,
    23,
    16,
    2,
    11,
    178,
    496,
    103,
    14,
    10,
    1,
    285,
    179,
    5,
    457,
    38,
    11,
    346,
    4,
    48,
    29,
    631,
    1384,
    1,
    137,
    51,
    57,
    22,
    2,
    3,
    4,
    115,
    164,
    26,
    3,
    3,
    17,
    18,
    7,
    1329,
    33,
    1,
    11,
    12,
    8,
    3737,
    31,
    694,
    15,
    457,
    1,
    3,
    28,
    15,
    48,
    1,
    11,
    4,
    40,
    116,
    10,
    5,
    1222,
    20,
    151,
    23,
    2,
    1242,
    14,
    21,
    112,
    23,
    204,
    49,
    16,
    1,
    14,
    1,
    1787,
    1,
    3,
    1,
    1,
    1,
    36,
    954,
    15,
    39,
    48,
    7,
    47,
    53,
    5,
    1,
    0,
    176,
    1,
    32,
    16,
    13,
    0,
    37,
    53,
    2,
    5,
    1,
    16,
    8,
    43,
    1,
    10,
    1,
    2,
    32,
    4,
    2,
    58,
    1,
    13,
    187,
    357,
    27,
    27,
    4,
    1,
    1,
    24,
    1,
    57,
    13,
    323,
    246,
    54,
    276,
    28,
    51,
    310,
    133,
    350,
    620,
    13,
    92,
    56,
    1,
    14,
    55,
    24,
    225,
    1,
    45,
    1,
    61,
    8,
    7,
    1393,
    16,
    1,
    4,
    44,
    6,
    575,
    968,
    6,
    8,
    258,
    56,
    5,
    30,
    738,
    1,
    391,
    1,
    189,
    2,
    662,
    2,
    488,
    283,
    8,
    19,
    9,
    1351,
    21,
    5,
    154,
    4,
    4,
    484,
    7,
    1,
    25,
    24,
    2,
    1,
    221,
    60,
    19,
    3,
    404,
    109,
    1406,
    81,
    11,
    1,
    30,
    46,
    10,
    15,
    3,
    7,
    38,
    35,
    77
  ],
  "intervention_topk": [
    [
      1,
      0.6959247648902821
    ],
    [
      2,
      0.8307210031347962
    ],
    [
      3,
      0.877742946708464
    ]
  ],
  "intervention_rank_list": [
    13,
    0,
    0,
    3,
    1,
    0,
    0,
    1,
    0,
    4,
    3,
    15,
    0,
    0,
    0,
    0,
    1,
    0,
    0,
    0,
    0,
    2,
    0,
    7,
    0,
    0,
    1,
    0,
    2,
    0,
    47,
    9,
    0,
    0,
    0,
    0,
    1,
    0,
    0,
    0,
    0,
    2,
    0,
    6,
    0,
    11,
    0,
    0,
    0,
    0,
    0,
    0,
    0,
    0,
    0,
    0,
    0,
    0,
    0,
    0,
    1,
    2,
    0,
    0,
    3,
    0,
    0,
    0,
    0,
    0,
    1,
    0,
    0,
    2,
    0,
    1,
    0,
    2,
    0,
    0,
    0,
    0,
    0,
    0,
    3,
    0,
    0,
    0,
    22,
    0,
    0,
    1,
    0,
    0,
    0,
    0,
    0,
    0,
    0,
    0,
    0,
    0,
    0,
    0,
    0,
    0,
    0,
    0,
    0,
    0,
    0,
    1,
    0,
    2,
    0,
    0,
    1,
    1,
    1,
    0,
    17,
    1,
    0,
    11,
    0,
    0,
    0,
    3,
    7,
    0,
    1,
    1,
    2,
    1,
    0,
    0,
    0,
    0,
    0,
    0,
    1,
    0,
    0,
    0,
    0,
    21,
    0,
    0,
    0,
    0,
    0,
    5359,
    0,
    9,
    0,
    30,
    0,
    0,
    0,
    0,
    0,
    0,
    0,
    0,
    2,
    1,
    0,
    0,
    1,
    0,
    0,
    0,
    0,
    11,
    0,
    3,
    1,
    0,
    0,
    0,
    0,
    0,
    0,
    0,
    5,
    0,
    1,
    0,
    0,
    0,
    1,
    2,
    0,
    2,
    0,
    0,
    0,
    0,
    0,
    0,
    0,
    0,
    0,
    0,
    0,
    0,
    0,
    0,
    1,
    0,
    0,
    0,
    0,
    0,
    1,
    0,
    1,
    0,
    0,
    23,
    0,
    0,
    1,
    0,
    1,
    7,
    0,
    0,
    1,
    0,
    0,
    0,
    0,
    0,
    1,
    1,
    1,
    5,
    0,
    2,
    0,
    1,
    1,
    1,
    1,
    13,
    0,
    0,
    1,
    0,
    0,
    1,
    0,
    4,
    0,
    4,
    0,
    0,
    0,
    0,
    22,
    0,
    0,
    0,
    1,
    0,
    15,
    3,
    0,
    0,
    2,
    0,
    0,
    0,
    3,
    0,
    0,
    0,
    1,
    0,
    9,
    0,
    1,
    0,
    0,
    0,
    0,
    158,
    0,
    0,
    0,
    0,
    0,
    0,
    0,
    0,
    0,
    1,
    0,
    0,
    2,
    2,
    0,
    0,
    11,
    0,
    75,
    0,
    0,
    0,
    0,
    1,
    0,
    0,
    0,
    0,
    0,
    0,
    6
  ]
}