{
  "clean_topk": [
    [
      1,
      0.9761904761904762
    ],
    [
      2,
      0.9761904761904762
    ],
    [
      3,
      0.9761904761904762
    ]
  ],
  "clean_rank_list": [
    0,
    0,
    0,
    0,
    3,
    0,
    0,
    0,
    0,
    0,
    0,
    0,
    0,
    0,
    0,
    0,
    0,
    0,
    0,
    0,
    0,
    0,
    0,
    0,
    0,
    0,
    0,
    0,
    0,
    0,
    0,
    0,
    0,
    0,
    0,
    0,
    0,
    0,
    0,
    0,
    0,
    0
  ],
  "clean_ppl": 1.307303872256926
}