{
  "clean_topk": [
    [
      1,
      0.04878048780487805
    ],
    [
      2,
      0.04878048780487805
    ],
    [
      3,
      0.04878048780487805
    ]
  ],
  "clean_rank_list": [
    88,
    44,
    33,
    76,
    197,
    21,
    8,
    21,
    5,
    66,
    36,
    312,
    120,
    119,
    58,
    18,
    16,
    76,
    55,
    171,
    0,
    84,
    0,
    12,
    18,
    37,
    64,
    25,
    23,
    34,
    61,
    12,
    242,
    23,
    84,
    11,
    6,
    79,
    61,
    9,
    8
  ],
  "intervention_topk": [
    [
      1,
      0.926829268292683
    ],
    [
      2,
      0.9512195121951219
    ],
    [
      3,
      1.0
    ]
  ],
  "intervention_rank_list": [
    0,
    0,
    0,
    0,
    2,
    0,
    0,
    0,
    0,
    0,
    0,
    0,
    0,
    0,
    0,
    0,
    0,
    0,
    0,
    0,
    0,
    2,
    0,
    0,
    0,
    0,
    1,
    0,
    0,
    0,
    0,
    0,
    0,
    0,
    0,
    0,
    0,
    0,
    0,
    0,
    0
  ]
}