{
  "clean_topk": [
    [
      1,
      0.3848314606741573
    ],
    [
      2,
      0.47191011235955055
    ],
    [
      3,
      0.5056179775280899
    ]
  ],
  "clean_rank_list": [
    0,
    241,
    1,
    0,
    837,
    1,
    0,
    0,
    0,
    1086,
    13,
    1,
    1106,
    0,
    23,
    0,
    0,
    983,
    101,
    23,
    0,
    5,
    0,
    0,
    7,
    4,
    0,
    0,
    0,
    1,
    30,
    3289,
    14,
    11,
    0,
    374,
    1,
    62,
    0,
    2,
    6,
    21,
    3,
    0,
    8,
    249,
    0,
    0,
    0,
    0,
    10,
    1,
    0,
    0,
    0,
    10,
    1,
    19,
    0,
    147,
    0,
    0,
    0,
    0,
    1,
    0,
    0,
    0,
    0,
    9,
    11,
    83,
    6,
    26,
    1,
    117,
    4,
    0,
    0,
    16,
    0,
    0,
    15,
    5,
    39,
    1,
    15,
    11,
    9,
    76,
    0,
    158,
    0,
    1,
    35,
    123,
    0,
    0,
    0,
    9,
    1530,
    1,
    65,
    0,
    25,
    65,
    14,
    6,
    1,
    0,
    0,
    6,
    0,
    0,
    0,
    430,
    28,
    0,
    60,
    0,
    0,
    0,
    25,
    12,
    31,
    2,
    3826,
    59,
    36,
    23,
    0,
    2,
    10,
    154,
    457,
    0,
    0,
    892,
    10,
    8,
    1,
    107,
    24,
    7,
    0,
    1,
    444,
    5,
    372,
    0,
    39,
    2,
    31,
    53,
    0,
    6,
    46,
    0,
    12,
    6,
    263,
    31,
    13,
    3,
    0,
    61,
    0,
    3,
    42,
    9,
    0,
    0,
    101,
    89,
    55,
    62,
    2,
    0,
    0,
    1363,
    1,
    456,
    892,
    0,
    12,
    432,
    3,
    0,
    1,
    0,
    1,
    1753,
    5,
    0,
    2,
    1,
    22,
    1,
    0,
    43,
    0,
    20,
    0,
    0,
    0,
    142,
    14,
    0,
    0,
    385,
    222,
    573,
    0,
    0,
    10,
    0,
    0,
    410,
    19,
    0,
    334,
    2,
    6,
    0,
    0,
    6,
    0,
    4,
    5,
    156,
    0,
    0,
    1906,
    387,
    301,
    0,
    11,
    0,
    0,
    36,
    0,
    93,
    0,
    0,
    0,
    36,
    0,
    43,
    462,
    9,
    18,
    152,
    94,
    2,
    159,
    3,
    445,
    0,
    1,
    55,
    0,
    5,
    0,
    0,
    0,
    83,
    1,
    1398,
    1,
    0,
    1,
    0,
    0,
    1,
    2,
    7,
    2,
    1,
    21,
    416,
    0,
    0,
    0,
    0,
    210,
    16,
    1,
    520,
    0,
    0,
    0,
    10,
    647,
    8,
    89,
    0,
    1,
    0,
    1197,
    25,
    1,
    0,
    2,
    9,
    10,
    1,
    0,
    0,
    0,
    0,
    4,
    45,
    2000,
    0,
    0,
    761,
    2,
    55,
    5,
    91,
    0,
    0,
    6,
    0,
    0,
    160,
    0,
    0,
    159,
    0,
    0,
    7,
    0,
    3,
    0,
    3,
    0,
    463,
    30,
    4,
    646,
    0,
    25,
    1748,
    0,
    0,
    1,
    1465,
    36,
    54,
    0,
    0,
    0,
    0,
    0,
    313
  ],
  "intervention_topk": [
    [
      1,
      0.5617977528089888
    ],
    [
      2,
      0.6601123595505618
    ],
    [
      3,
      0.7134831460674157
    ]
  ],
  "intervention_rank_list": [
    0,
    98,
    0,
    0,
    211,
    0,
    0,
    0,
    1,
    232,
    11,
    0,
    459,
    0,
    2,
    0,
    0,
    104,
    63,
    0,
    0,
    2,
    0,
    0,
    0,
    1,
    0,
    0,
    0,
    0,
    1,
    1664,
    4,
    11,
    0,
    70,
    1,
    5,
    0,
    1,
    0,
    7,
    2,
    0,
    4,
    31,
    0,
    0,
    0,
    0,
    2,
    1,
    0,
    0,
    0,
    0,
    0,
    0,
    0,
    9,
    0,
    0,
    0,
    0,
    1,
    0,
    0,
    0,
    0,
    0,
    1,
    4,
    4,
    0,
    0,
    37,
    0,
    0,
    0,
    2,
    0,
    1,
    3,
    4,
    2,
    1,
    0,
    5,
    0,
    1,
    0,
    16,
    0,
    2,
    23,
    11,
    0,
    0,
    0,
    0,
    867,
    0,
    1,
    0,
    3,
    33,
    0,
    3,
    0,
    0,
    0,
    0,
    0,
    0,
    0,
    119,
    0,
    0,
    5,
    0,
    0,
    0,
    1,
    9,
    8,
    3,
    1535,
    2,
    12,
    4,
    0,
    3,
    0,
    4,
    139,
    0,
    0,
    45,
    6,
    1,
    0,
    1,
    1,
    2,
    0,
    0,
    252,
    0,
    5,
    0,
    7,
    1,
    10,
    3,
    0,
    1,
    1,
    0,
    6,
    2,
    24,
    0,
    1,
    1,
    0,
    3,
    0,
    0,
    0,
    0,
    0,
    0,
    2,
    21,
    11,
    1,
    0,
    0,
    0,
    563,
    0,
    827,
    8,
    0,
    5,
    23,
    2,
    0,
    1,
    0,
    0,
    497,
    0,
    0,
    0,
    2,
    0,
    1,
    0,
    2,
    0,
    3,
    0,
    0,
    0,
    12,
    8,
    0,
    0,
    139,
    78,
    20,
    0,
    0,
    1,
    0,
    0,
    103,
    11,
    0,
    0,
    3,
    1,
    0,
    0,
    0,
    0,
    0,
    0,
    2,
    0,
    0,
    603,
    45,
    85,
    0,
    0,
    0,
    0,
    4,
    0,
    0,
    0,
    0,
    0,
    11,
    0,
    0,
    131,
    9,
    5,
    2,
    0,
    0,
    35,
    1,
    5,
    0,
    0,
    26,
    0,
    0,
    0,
    0,
    0,
    5,
    0,
    1782,
    1,
    0,
    0,
    0,
    0,
    1,
    2,
    2,
    0,
    0,
    0,
    76,
    0,
    0,
    0,
    0,
    137,
    0,
    0,
    25,
    0,
    0,
    0,
    4,
    421,
    0,
    148,
    0,
    1,
    0,
    333,
    0,
    0,
    0,
    1,
    3,
    0,
    0,
    0,
    0,
    0,
    0,
    1,
    15,
    453,
    0,
    0,
    47,
    2,
    6,
    0,
    14,
    1,
    0,
    1,
    0,
    0,
    0,
    0,
    0,
    25,
    0,
    0,
    3,
    0,
    0,
    0,
    0,
    0,
    120,
    0,
    0,
    177,
    0,
    1,
    619,
    0,
    0,
    0,
    227,
    7,
    4,
    0,
    0,
    0,
    0,
    0,
    48
  ]
}