{
  "clean_topk": [
    [
      1,
      0.0449438202247191
    ],
    [
      2,
      0.10112359550561797
    ],
    [
      3,
      0.12640449438202248
    ]
  ],
  "clean_rank_list": [
    15,
    265,
    0,
    44,
    36,
    577,
    46,
    4,
    37,
    57,
    778,
    121,
    15,
    162,
    0,
    53,
    36,
    21,
    126,
    8,
    6,
    41,
    8,
    32,
    11,
    415,
    5,
    73,
    37,
    130,
    0,
    179,
    94,
    865,
    0,
    56,
    26,
    3,
    7,
    54,
    14,
    378,
    149,
    1,
    249,
    835,
    25,
    2,
    5,
    216,
    56,
    1814,
    30,
    1,
    1,
    3,
    31,
    83,
    113,
    29,
    0,
    36,
    5,
    6,
    51,
    97,
    1880,
    104,
    37,
    16,
    56,
    247,
    64,
    4,
    11,
    98,
    9,
    25,
    141,
    7,
    0,
    88,
    16,
    4,
    50,
    3288,
    1963,
    990,
    6,
    31,
    1,
    8,
    0,
    26,
    17,
    4,
    1,
    6,
    11,
    9,
    347,
    0,
    3,
    2,
    15,
    281,
    1,
    26,
    0,
    14,
    14,
    3,
    12,
    59,
    20,
    0,
    17,
    7,
    338,
    38,
    7,
    21,
    32,
    1093,
    172,
    188,
    350,
    126,
    23,
    373,
    28,
    57,
    21,
    1192,
    144,
    29,
    225,
    18,
    4,
    818,
    92,
    49,
    14,
    62,
    8,
    6,
    155,
    0,
    39,
    33,
    807,
    77,
    28,
    77,
    8,
    377,
    24,
    42,
    39,
    160,
    12,
    6,
    1,
    166,
    9,
    56,
    7,
    13,
    19,
    40,
    5,
    6,
    11,
    77,
    115,
    8,
    2768,
    35,
    4,
    783,
    77,
    322,
    12,
    22,
    90,
    16,
    3,
    10,
    6,
    101,
    1,
    670,
    245,
    6,
    6,
    62,
    7,
    30,
    105,
    18,
    5,
    70,
    89,
    8,
    47,
    163,
    13,
    8,
    0,
    218,
    1,
    80,
    9,
    9,
    1,
    5,
    1,
    15,
    674,
    7,
    13,
    94,
    969,
    1,
    19,
    40,
    16,
    3,
    2,
    135,
    1,
    5,
    28,
    17,
    0,
    7,
    1,
    5,
    2,
    2,
    6,
    71,
    10,
    0,
    13,
    1501,
    7,
    8,
    1587,
    26,
    15,
    1,
    37,
    9,
    180,
    48,
    5,
    1358,
    2,
    85,
    3,
    7,
    3,
    47,
    1,
    142,
    23,
    3538,
    264,
    12,
    86,
    21,
    17,
    12,
    178,
    164,
    3,
    124,
    24,
    156,
    4,
    6,
    4,
    31,
    45,
    0,
    21,
    2163,
    1,
    64,
    15,
    1,
    732,
    2,
    833,
    5,
    24,
    4,
    1461,
    7,
    17,
    4,
    66,
    137,
    37,
    0,
    26,
    1,
    11,
    2,
    152,
    56,
    3,
    99,
    14,
    41,
    546,
    126,
    7,
    191,
    293,
    110,
    118,
    4,
    7,
    321,
    8,
    2,
    234,
    5,
    70,
    293,
    9,
    32,
    4,
    8,
    82,
    1736,
    106,
    10,
    48,
    530,
    178,
    1322,
    184,
    10,
    1,
    21,
    16,
    4,
    57,
    9,
    43,
    42,
    11,
    210
  ],
  "intervention_topk": [
    [
      1,
      0.1601123595505618
    ],
    [
      2,
      0.34269662921348315
    ],
    [
      3,
      0.4241573033707865
    ]
  ],
  "intervention_rank_list": [
    2,
    95,
    0,
    3,
    7,
    35,
    7,
    1,
    5,
    15,
    167,
    27,
    3,
    31,
    0,
    11,
    12,
    3,
    27,
    1,
    1,
    5,
    1,
    7,
    5,
    43,
    2,
    27,
    15,
    19,
    0,
    61,
    34,
    400,
    0,
    19,
    14,
    1,
    1,
    26,
    2,
    124,
    23,
    0,
    43,
    228,
    4,
    1,
    0,
    116,
    3,
    227,
    8,
    0,
    0,
    2,
    1,
    8,
    22,
    3,
    0,
    8,
    1,
    1,
    13,
    12,
    507,
    12,
    3,
    1,
    12,
    70,
    16,
    0,
    2,
    44,
    1,
    8,
    18,
    1,
    0,
    38,
    1,
    2,
    12,
    2391,
    879,
    461,
    1,
    1,
    0,
    2,
    0,
    2,
    5,
    2,
    0,
    2,
    3,
    0,
    100,
    0,
    1,
    1,
    1,
    105,
    0,
    2,
    0,
    1,
    3,
    1,
    2,
    6,
    4,
    0,
    2,
    1,
    55,
    22,
    1,
    2,
    3,
    535,
    180,
    47,
    71,
    42,
    4,
    94,
    13,
    8,
    5,
    404,
    58,
    14,
    76,
    11,
    1,
    389,
    9,
    2,
    2,
    18,
    1,
    1,
    52,
    0,
    4,
    7,
    281,
    24,
    5,
    13,
    0,
    163,
    3,
    6,
    5,
    63,
    1,
    1,
    0,
    35,
    0,
    6,
    1,
    6,
    3,
    10,
    0,
    2,
    1,
    8,
    38,
    1,
    1587,
    6,
    0,
    330,
    16,
    71,
    1,
    1,
    24,
    5,
    1,
    1,
    1,
    9,
    1,
    349,
    57,
    2,
    2,
    12,
    1,
    8,
    19,
    3,
    1,
    17,
    11,
    3,
    10,
    35,
    3,
    0,
    0,
    57,
    0,
    23,
    1,
    1,
    0,
    1,
    0,
    1,
    299,
    1,
    3,
    52,
    251,
    0,
    6,
    6,
    4,
    0,
    0,
    3,
    0,
    2,
    1,
    3,
    0,
    1,
    0,
    1,
    0,
    0,
    1,
    10,
    2,
    0,
    6,
    413,
    1,
    2,
    675,
    5,
    4,
    0,
    3,
    4,
    81,
    10,
    0,
    569,
    1,
    51,
    1,
    1,
    0,
    10,
    0,
    38,
    8,
    1872,
    81,
    4,
    27,
    7,
    5,
    4,
    20,
    57,
    0,
    34,
    4,
    34,
    1,
    1,
    2,
    1,
    3,
    0,
    10,
    1457,
    0,
    7,
    2,
    0,
    392,
    1,
    279,
    2,
    16,
    0,
    697,
    1,
    3,
    1,
    18,
    66,
    7,
    0,
    2,
    0,
    3,
    0,
    60,
    22,
    0,
    8,
    5,
    2,
    144,
    26,
    1,
    47,
    133,
    7,
    35,
    0,
    4,
    67,
    3,
    0,
    59,
    0,
    11,
    107,
    2,
    8,
    1,
    1,
    12,
    275,
    21,
    1,
    6,
    182,
    44,
    362,
    33,
    0,
    1,
    11,
    2,
    0,
    11,
    1,
    9,
    5,
    1,
    64
  ]
}