{
  "0": {
    "clean_topk": [
      [
        1,
        0.0
      ],
      [
        2,
        0.01764705882352941
      ],
      [
        3,
        0.052941176470588235
      ]
    ],
    "clean_rank_list": [
      5,
      21,
      11,
      35,
      26,
      14,
      18,
      89,
      39,
      10,
      5,
      31,
      28,
      10,
      36,
      56,
      9,
      68,
      12,
      14,
      23,
      10,
      11,
      9,
      16,
      25,
      8,
      4,
      5,
      73,
      15,
      10,
      6,
      2,
      4,
      14,
      15,
      9,
      11,
      21,
      6,
      178,
      21,
      25,
      8,
      28,
      6,
      8,
      2,
      6,
      5,
      37,
      24,
      370,
      23,
      2,
      11,
      15,
      17,
      3,
      6,
      41,
      6,
      24,
      23,
      7,
      6,
      31,
      11,
      44,
      16,
      22,
      54,
      4,
      39,
      1,
      8,
      36,
      37,
      13,
      74,
      35,
      4,
      11,
      3,
      11,
      3,
      8,
      12,
      4,
      21,
      5,
      12,
      4,
      5,
      10,
      32,
      14,
      28,
      1,
      2,
      48,
      7,
      16,
      5,
      13,
      8,
      27,
      8,
      27,
      3,
      8,
      16,
      5,
      16,
      17,
      5,
      48,
      14,
      40,
      48,
      11,
      33,
      2,
      1,
      92,
      12,
      47,
      16,
      27,
      16,
      13,
      35,
      20,
      23,
      8,
      11,
      19,
      19,
      3,
      8,
      4,
      14,
      11,
      12,
      7,
      26,
      4,
      103,
      17,
      2,
      12,
      20,
      17,
      11,
      11,
      6,
      8,
      27,
      13,
      9,
      23,
      37,
      8,
      4,
      7,
      27,
      14,
      3,
      14
    ],
    "clean_ppl": 108.96493134316545
  },
  "1": {
    "clean_topk": [
      [
        1,
        0.5
      ],
      [
        2,
        0.8
      ],
      [
        3,
        0.9058823529411765
      ]
    ],
    "clean_rank_list": [
      1,
      1,
      1,
      0,
      3,
      2,
      0,
      2,
      1,
      0,
      0,
      0,
      1,
      1,
      1,
      1,
      2,
      0,
      1,
      0,
      1,
      1,
      0,
      0,
      1,
      1,
      1,
      0,
      1,
      4,
      0,
      0,
      7,
      3,
      2,
      0,
      2,
      1,
      3,
      0,
      0,
      0,
      0,
      1,
      0,
      0,
      0,
      0,
      0,
      2,
      0,
      2,
      1,
      1,
      0,
      0,
      0,
      2,
      0,
      0,
      1,
      6,
      2,
      0,
      1,
      0,
      0,
      0,
      2,
      0,
      1,
      1,
      0,
      0,
      2,
      0,
      0,
      1,
      0,
      1,
      2,
      0,
      1,
      0,
      3,
      0,
      7,
      1,
      1,
      0,
      0,
      0,
      1,
      0,
      0,
      0,
      0,
      0,
      0,
      5,
      0,
      1,
      0,
      1,
      0,
      1,
      0,
      0,
      1,
      1,
      0,
      3,
      0,
      1,
      0,
      1,
      2,
      1,
      1,
      0,
      0,
      1,
      0,
      0,
      1,
      0,
      4,
      2,
      1,
      0,
      0,
      1,
      3,
      3,
      0,
      1,
      3,
      0,
      0,
      4,
      1,
      0,
      1,
      1,
      0,
      0,
      0,
      1,
      5,
      0,
      0,
      0,
      0,
      0,
      2,
      0,
      1,
      2,
      1,
      0,
      0,
      1,
      0,
      0,
      0,
      2,
      2,
      0,
      0,
      1
    ],
    "clean_ppl": 6.814809681125857
  },
  "2": {
    "clean_topk": [
      [
        1,
        0.9823529411764705
      ],
      [
        2,
        1.0
      ],
      [
        3,
        1.0
      ]
    ],
    "clean_rank_list": [
      0,
      0,
      0,
      0,
      0,
      0,
      0,
      1,
      0,
      0,
      0,
      0,
      0,
      0,
      0,
      0,
      0,
      0,
      0,
      0,
      0,
      0,
      0,
      0,
      0,
      0,
      0,
      0,
      0,
      0,
      0,
      0,
      0,
      0,
      0,
      0,
      0,
      0,
      0,
      0,
      0,
      0,
      0,
      0,
      0,
      0,
      0,
      0,
      0,
      0,
      0,
      0,
      0,
      0,
      0,
      0,
      0,
      0,
      0,
      0,
      1,
      0,
      0,
      0,
      0,
      0,
      0,
      0,
      0,
      0,
      0,
      0,
      0,
      0,
      0,
      0,
      0,
      0,
      0,
      1,
      0,
      0,
      0,
      0,
      0,
      0,
      0,
      0,
      0,
      0,
      0,
      0,
      0,
      0,
      0,
      0,
      0,
      0,
      0,
      0,
      0,
      0,
      0,
      0,
      0,
      0,
      0,
      0,
      0,
      0,
      0,
      0,
      0,
      0,
      0,
      0,
      0,
      0,
      0,
      0,
      0,
      0,
      0,
      0,
      0,
      0,
      0,
      0,
      0,
      0,
      0,
      0,
      0,
      0,
      0,
      0,
      0,
      0,
      0,
      0,
      0,
      0,
      0,
      0,
      0,
      0,
      0,
      0,
      0,
      0,
      0,
      0,
      0,
      0,
      0,
      0,
      0,
      0,
      0,
      0,
      0,
      0,
      0,
      0,
      0,
      0,
      0,
      0,
      0,
      0
    ],
    "clean_ppl": 1.4462779394480516
  },
  "3": {
    "clean_topk": [
      [
        1,
        0.9882352941176471
      ],
      [
        2,
        0.9941176470588236
      ],
      [
        3,
        1.0
      ]
    ],
    "clean_rank_list": [
      0,
      0,
      0,
      0,
      0,
      0,
      0,
      2,
      0,
      0,
      0,
      0,
      0,
      0,
      0,
      0,
      0,
      0,
      0,
      0,
      0,
      1,
      0,
      0,
      0,
      0,
      0,
      0,
      0,
      0,
      0,
      0,
      0,
      0,
      0,
      0,
      0,
      0,
      0,
      0,
      0,
      0,
      0,
      0,
      0,
      0,
      0,
      0,
      0,
      0,
      0,
      0,
      0,
      0,
      0,
      0,
      0,
      0,
      0,
      0,
      0,
      0,
      0,
      0,
      0,
      0,
      0,
      0,
      0,
      0,
      0,
      0,
      0,
      0,
      0,
      0,
      0,
      0,
      0,
      0,
      0,
      0,
      0,
      0,
      0,
      0,
      0,
      0,
      0,
      0,
      0,
      0,
      0,
      0,
      0,
      0,
      0,
      0,
      0,
      0,
      0,
      0,
      0,
      0,
      0,
      0,
      0,
      0,
      0,
      0,
      0,
      0,
      0,
      0,
      0,
      0,
      0,
      0,
      0,
      0,
      0,
      0,
      0,
      0,
      0,
      0,
      0,
      0,
      0,
      0,
      0,
      0,
      0,
      0,
      0,
      0,
      0,
      0,
      0,
      0,
      0,
      0,
      0,
      0,
      0,
      0,
      0,
      0,
      0,
      0,
      0,
      0,
      0,
      0,
      0,
      0,
      0,
      0,
      0,
      0,
      0,
      0,
      0,
      0,
      0,
      0,
      0,
      0,
      0,
      0
    ],
    "clean_ppl": 1.270260050376436
  },
  "4": {
    "clean_topk": [
      [
        1,
        0.9882352941176471
      ],
      [
        2,
        1.0
      ],
      [
        3,
        1.0
      ]
    ],