{
  "clean_topk": [
    [
      1,
      0.6329365079365079
    ],
    [
      2,
      0.7619047619047619
    ],
    [
      3,
      0.8293650793650794
    ]
  ],
  "clean_rank_list": [
    0,
    51,
    0,
    1,
    6,
    0,
    0,
    1,
    1,
    0,
    0,
    0,
    0,
    0,
    0,
    0,
    0,
    1,
    0,
    1,
    63,
    66,
    0,
    2,
    0,
    0,
    0,
    0,
    0,
    0,
    0,
    0,
    1,
    1,
    0,
    4,
    293,
    0,
    7,
    0,
    0,
    6,
    0,
    141,
    0,
    8,
    0,
    0,
    0,
    2,
    30,
    0,
    4,
    0,
    0,
    1,
    0,
    0,
    1,
    0,
    44,
    0,
    2,
    0,
    207,
    0,
    1,
    9,
    11,
    0,
    0,
    0,
    0,
    2,
    0,
    48,
    0,
    2,
    0,
    89,
    0,
    2,
    1,
    4,
    0,
    3,
    0,
    0,
    0,
    1,
    0,
    1,
    0,
    0,
    0,
    780,
    32,
    2,
    0,
    0,
    2,
    2,
    0,
    0,
    0,
    0,
    0,
    6,
    1,
    0,
    0,
    63,
    1,
    2,
    0,
    2,
    0,
    0,
    0,
    0,
    0,
    0,
    0,
    0,
    0,
    0,
    0,
    3,
    0,
    1,
    26,
    4,
    0,
    0,
    0,
    0,
    1,
    201,
    0,
    1,
    0,
    0,
    0,
    0,
    0,
    8,
    0,
    0,
    2,
    1,
    0,
    0,
    3,
    1,
    0,
    3,
    1,
    24,
    0,
    0,
    14,
    0,
    0,
    2,
    14,
    0,
    1,
    4,
    1,
    0,
    7,
    2,
    0,
    0,
    0,
    0,
    0,
    0,
    0,
    0,
    2,
    7,
    3,
    259,
    0,
    3,
    7,
    0,
    1,
    0,
    23,
    0,
    0,
    1,
    0,
    1,
    0,
    1,
    13,
    9,
    1,
    1,
    2,
    1,
    7,
    0,
    0,
    41,
    0,
    0,
    0,
    1,
    0,
    0,
    1,
    0,
    0,
    2,
    32,
    0,
    0,
    0,
    1,
    0,
    1,
    1,
    0,
    0,
    0,
    0,
    0,
    0,
    0,
    1,
    0,
    0,
    0,
    0,
    0,
    0,
    1,
    0,
    0,
    0,
    3,
    0,
    0,
    0,
    0,
    0,
    0,
    0,
    0,
    0,
    1,
    0,
    0,
    0,
    0,
    0,
    0,
    0,
    1,
    2,
    1,
    2,
    6,
    0,
    0,
    4,
    0,
    0,
    17,
    0,
    0,
    0,
    0,
    0,
    0,
    6,
    0,
    0,
    0,
    0,
    5,
    1,
    0,
    0,
    0,
    0,
    0,
    0,
    0,
    0,
    0,
    140,
    10,
    0,
    3,
    0,
    0,
    0,
    0,
    0,
    0,
    35,
    0,
    0,
    0,
    0,
    0,
    0,
    55,
    2,
    1,
    0,
    0,
    65,
    0,
    0,
    0,
    1,
    0,
    0,
    1,
    0,
    3,
    0,
    0,
    2,
    0,
    0,
    0,
    0,
    2,
    4,
    818,
    0,
    0,
    0,
    0,
    0,
    0,
    1,
    0,
    0,
    51,
    0,
    0,
    2,
    0,
    0,
    2,
    0,
    0,
    0,
    0,
    2,
    0,
    0,
    9,
    0,
    1,
    1,
    0,
    0,
    0,
    0,
    0,
    0,
    0,
    0,
    0,
    4,
    0,
    0,
    0,
    9,
    1,
    0,
    0,
    1,
    0,
    0,
    0,
    0,
    0,
    50,
    0,
    1,
    0,
    0,
    1,
    0,
    0,
    0,
    0,
    0,
    0,
    17,
    10,
    1,
    0,
    0,
    0,
    0,
    5,
    0,
    0,
    0,
    3,
    1,
    0,
    0,
    1,
    1,
    0,
    0,
    0,
    0,
    0,
    2,
    0,
    4,
    0,
    0,
    1,
    0,
    0,
    0,
    0,
    2,
    0,
    2,
    14,
    1,
    0,
    0,
    1,
    0,
    0,
    0,
    3,
    0,
    1,
    2,
    0,
    0,
    1,
    0,
    0,
    93,
    0,
    0,
    0,
    0,
    0,
    0,
    0,
    2,
    0,
    32,
    9,
    2,
    5,
    1,
    0,
    0,
    2,
    2,
    2,
    547,
    0,
    0,
    7,
    0,
    0,
    3,
    7,
    1,
    5,
    12,
    0,
    73,
    0,
    1,
    0,
    0,
    0,
    0,
    0,
    0,
    0,
    5,
    0,
    0,
    0,
    0,
    0,
    0,
    0,
    0,
    1,
    1
  ],
  "clean_ppl": 132.53242102885636
}