{
  "clean_topk": [
    [
      1,
      0.46394984326018807
    ],
    [
      2,
      0.6050156739811913
    ],
    [
      3,
      0.664576802507837
    ]
  ],
  "clean_rank_list": [
    8,
    20,
    0,
    1,
    490,
    0,
    0,
    1,
    13,
    922,
    40,
    4,
    10,
    93,
    30,
    0,
    4,
    6,
    0,
    737,
    0,
    3178,
    0,
    0,
    143,
    0,
    3,
    1,
    1,
    0,
    2,
    68,
    0,
    63,
    0,
    0,
    0,
    1,
    1,
    0,
    0,
    0,
    0,
    0,
    5,
    2,
    1,
    0,
    0,
    0,
    13,
    8,
    0,
    1,
    0,
    1,
    1,
    1,
    1,
    1,
    19,
    1,
    0,
    0,
    0,
    0,
    1,
    0,
    0,
    33,
    0,
    0,
    0,
    2,
    0,
    0,
    12,
    0,
    0,
    1,
    2,
    4,
    0,
    8,
    7,
    0,
    0,
    0,
    123,
    0,
    0,
    0,
    0,
    0,
    21,
    1,
    0,
    28,
    819,
    24,
    0,
    1,
    0,
    32,
    0,
    2,
    5,
    0,
    28,
    15,
    0,
    3,
    1,
    68,
    2,
    144,
    0,
    14,
    6,
    0,
    0,
    0,
    0,
    0,
    0,
    2,
    1,
    31,
    1,
    4,
    21,
    3,
    0,
    1,
    0,
    0,
    0,
    133,
    908,
    9,
    0,
    0,
    1,
    8,
    0,
    1,
    89,
    0,
    0,
    8,
    0,
    21,
    4,
    125,
    0,
    2,
    0,
    0,
    30,
    21,
    793,
    0,
    0,
    0,
    2,
    40,
    1,
    5,
    15,
    1,
    0,
    1,
    8,
    171,
    0,
    607,
    0,
    0,
    4,
    5,
    0,
    0,
    1,
    0,
    146,
    0,
    4,
    0,
    1,
    0,
    18,
    1,
    0,
    0,
    106,
    0,
    0,
    0,
    0,
    2,
    0,
    0,
    0,
    0,
    0,
    7,
    0,
    0,
    30,
    1,
    166,
    3,
    0,
    0,
    0,
    364,
    1,
    2,
    2,
    2,
    1,
    0,
    0,
    0,
    0,
    1,
    0,
    138,
    0,
    0,
    0,
    0,
    0,
    0,
    94,
    2,
    4,
    0,
    1,
    98,
    0,
    2,
    0,
    0,
    2,
    1,
    0,
    2,
    25,
    0,
    1,
    0,
    57,
    191,
    1,
    125,
    0,
    2,
    0,
    0,
    69,
    1,
    0,
    0,
    1,
    1,
    0,
    2,
    0,
    0,
    41,
    0,
    1,
    14,
    219,
    0,
    3,
    0,
    0,
    11,
    3,
    0,
    1,
    0,
    6,
    3,
    13,
    0,
    10,
    0,
    0,
    125,
    4,
    139,
    1149,
    0,
    0,
    57,
    0,
    0,
    3,
    1,
    23,
    0,
    364,
    159,
    0,
    0,
    4,
    0,
    27,
    3,
    1,
    0,
    0,
    8,
    0,
    0,
    50
  ],
  "intervention_topk": [
    [
      1,
      0.8463949843260188
    ],
    [
      2,
      0.9373040752351097
    ],
    [
      3,
      0.9561128526645768
    ]
  ],
  "intervention_rank_list": [
    2,
    1,
    0,
    0,
    0,
    0,
    0,
    1,
    2,
    8,
    0,
    0,
    0,
    1,
    0,
    0,
    0,
    0,
    0,
    0,
    0,
    7,
    0,
    0,
    0,
    0,
    1,
    0,
    0,
    0,
    0,
    1,
    0,
    0,
    0,
    0,
    0,
    0,
    0,
    0,
    0,
    0,
    0,
    0,
    1,
    1,
    0,
    0,
    0,
    0,
    0,
    0,
    0,
    0,
    0,
    0,
    0,
    0,
    0,
    1,
    0,
    0,
    0,
    0,
    1,
    0,
    0,
    0,
    0,
    0,
    0,
    0,
    0,
    1,
    0,
    0,
    0,
    0,
    0,
    0,
    0,
    0,
    0,
    0,
    3,
    0,
    0,
    0,
    1,
    0,
    0,
    0,
    0,
    0,
    0,
    0,
    0,
    0,
    0,
    0,
    0,
    0,
    0,
    0,
    0,
    0,
    0,
    0,
    0,
    0,
    0,
    0,
    1,
    21,
    2,
    0,
    0,
    0,
    0,
    0,
    0,
    0,
    0,
    0,
    0,
    0,
    0,
    0,
    1,
    0,
    0,
    0,
    0,
    0,
    0,
    0,
    0,
    1,
    0,
    0,
    0,
    1,
    0,
    0,
    0,
    3,
    0,
    0,
    0,
    2,
    0,
    10,
    0,
    0,
    0,
    0,
    1,
    0,
    0,
    0,
    0,
    0,
    0,
    0,
    0,
    0,
    0,
    0,
    0,
    0,
    0,
    0,
    0,
    1,
    0,
    7,
    0,
    0,
    0,
    0,
    0,
    0,
    0,
    0,
    1,
    0,
    0,
    0,
    0,
    0,
    4,
    1,
    0,
    0,
    0,
    0,
    0,
    0,
    0,
    0,
    0,
    0,
    0,
    0,
    0,
    1,
    0,
    0,
    0,
    0,
    0,
    0,
    0,
    0,
    0,
    1,
    0,
    0,
    0,
    0,
    0,
    0,
    0,
    0,
    0,
    0,
    0,
    0,
    0,
    0,
    0,
    0,
    0,
    0,
    1,
    1,
    0,
    0,
    0,
    4,
    0,
    0,
    0,
    0,
    0,
    0,
    0,
    0,
    1,
    0,
    0,
    0,
    0,
    2,
    0,
    3,
    0,
    0,
    0,
    0,
    6,
    0,
    0,
    0,
    0,
    0,
    0,
    0,
    0,
    0,
    0,
    0,
    0,
    0,
    1,
    0,
    0,
    0,
    0,
    1,
    8,
    0,
    0,
    0,
    0,
    0,
    0,
    0,
    0,
    0,
    0,
    0,
    0,
    3,
    1,
    0,
    0,
    2,
    0,
    0,
    0,
    1,
    0,
    0,
    5,
    0,
    0,
    0,
    0,
    0,
    1,
    0,
    0,
    0,
    0,
    0,
    0,
    0,
    0
  ]
}