{
  "clean_topk": [
    [
      1,
      0.16666666666666666
    ],
    [
      2,
      0.21428571428571427
    ],
    [
      3,
      0.21428571428571427
    ]
  ],
  "clean_rank_list": [
    153,
    10,
    45,
    4,
    4,
    5,
    44,
    461,
    107,
    0,
    47,
    3,
    61,
    62,
    24,
    142,
    1,
    0,
    4,
    17,
    34,
    15,
    0,
    186,
    0,
    18,
    47,
    8,
    1,
    23,
    114,
    0,
    0,
    0,
    16,
    40,
    16,
    14,
    42,
    57,
    7,
    59
  ],
  "intervention_topk": [
    [
      1,
      0.2857142857142857
    ],
    [
      2,
      0.35714285714285715
    ],
    [
      3,
      0.38095238095238093
    ]
  ],
  "intervention_rank_list": [
    181,
    2,
    7,
    1,
    21,
    0,
    80,
    28,
    35,
    0,
    5,
    14,
    81,
    100,
    0,
    11,
    0,
    0,
    0,
    8,
    8,
    6,
    1,
    14,
    4,
    3,
    9,
    7,
    0,
    0,
    88,
    0,
    0,
    1,
    0,
    9,
    8,
    8,
    13,
    7,
    0,
    14
  ]
}