{
  "clean_topk": [
    [
      1,
      0.047619047619047616
    ],
    [
      2,
      0.047619047619047616
    ],
    [
      3,
      0.047619047619047616
    ]
  ],
  "clean_rank_list": [
    29,
    64,
    22,
    43,
    33,
    45,
    21,
    15,
    15,
    9,
    101,
    10,
    83,
    256,
    66,
    52,
    11,
    38,
    27,
    24,
    43,
    0,
    66,
    0,
    16,
    11,
    52,
    23,
    19,
    20,
    37,
    41,
    19,
    42,
    14,
    48,
    13,
    13,
    208,
    59,
    15,
    10
  ],
  "intervention_topk": [
    [
      1,
      0.9285714285714286
    ],
    [
      2,
      0.9523809523809523
    ],
    [
      3,
      1.0
    ]
  ],
  "intervention_rank_list": [
    0,
    0,
    0,
    0,
    0,
    2,
    0,
    0,
    0,
    0,
    0,
    0,
    0,
    0,
    0,
    0,
    0,
    1,
    0,
    0,
    0,
    0,
    2,
    0,
    0,
    0,
    0,
    0,
    0,
    0,
    0,
    0,
    0,
    0,
    0,
    0,
    0,
    0,
    0,
    0,
    0,
    0
  ]
}