{
  "clean_topk": [
    [
      1,
      0.4456824512534819
    ],
    [
      2,
      0.5348189415041783
    ],
    [
      3,
      0.5821727019498607
    ]
  ],
  "clean_rank_list": [
    248,
    3,
    0,
    0,
    159,
    35,
    0,
    0,
    0,
    26,
    0,
    135,
    15,
    790,
    7,
    0,
    0,
    153,
    1,
    0,
    0,
    93,
    0,
    0,
    1472,
    0,
    50,
    18,
    0,
    45,
    352,
    1869,
    0,
    132,
    2,
    9,
    0,
    43,
    0,
    0,
    0,
    2,
    0,
    1,
    0,
    1216,
    3,
    0,
    4,
    0,
    185,
    1,
    2,
    0,
    6,
    0,
    0,
    31,
    0,
    26,
    0,
    3,
    6,
    0,
    1,
    0,
    29,
    0,
    4,
    212,
    109,
    113,
    44,
    493,
    1,
    0,
    9,
    0,
    0,
    1,
    0,
    0,
    0,
    1,
    0,
    40,
    0,
    0,
    0,
    0,
    0,
    0,
    38,
    0,
    6299,
    0,
    0,
    46,
    1,
    9,
    0,
    1105,
    1,
    0,
    2,
    0,
    53,
    173,
    0,
    0,
    0,
    3,
    0,
    6,
    2,
    8304,
    0,
    4,
    0,
    0,
    8,
    0,
    1,
    0,
    0,
    0,
    201,
    0,
    4,
    1,
    7,
    0,
    5,
    1,
    290,
    0,
    2,
    31,
    678,
    1157,
    0,
    333,
    0,
    0,
    0,
    0,
    46,
    3,
    100,
    0,
    8,
    0,
    60,
    18,
    0,
    2,
    4,
    1183,
    8,
    0,
    0,
    3,
    12,
    275,
    0,
    167,
    1,
    28,
    17,
    731,
    0,
    0,
    123,
    4,
    111,
    88,
    2,
    0,
    411,
    561,
    0,
    412,
    39,
    1,
    50,
    7,
    71,
    0,
    1,
    0,
    0,
    32,
    1,
    0,
    0,
    1641,
    0,
    0,
    0,
    6,
    1,
    0,
    0,
    0,
    0,
    81,
    2,
    0,
    1,
    130,
    316,
    4,
    5,
    0,
    0,
    21,
    7,
    103,
    0,
    1,
    16,
    2,
    0,
    0,
    0,
    6,
    0,
    1244,
    0,
    0,
    0,
    0,
    2566,
    19,
    4,
    0,
    14,
    1,
    0,
    0,
    0,
    23,
    0,
    2,
    0,
    2,
    0,
    0,
    0,
    13,
    1,
    56,
    25,
    0,
    74,
    2,
    1987,
    58,
    6,
    107,
    0,
    4,
    0,
    0,
    0,
    2,
    0,
    7,
    1,
    1,
    11,
    0,
    0,
    5,
    606,
    2461,
    53,
    0,
    0,
    6,
    0,
    770,
    2,
    0,
    27,
    235,
    0,
    498,
    0,
    77,
    0,
    0,
    1254,
    1,
    3,
    0,
    0,
    0,
    1,
    932,
    186,
    11,
    2,
    0,
    11,
    8,
    0,
    0,
    1,
    0,
    0,
    19,
    292,
    0,
    0,
    408,
    0,
    0,
    95,
    7,
    0,
    1,
    5,
    0,
    0,
    1,
    0,
    0,
    2,
    0,
    4,
    40,
    297,
    1,
    1,
    10,
    0,
    179,
    1,
    84,
    0,
    0,
    0,
    682,
    1,
    0,
    22,
    0,
    6,
    4437,
    0,
    0,
    0,
    0,
    0,
    6,
    0,
    0,
    0
  ],
  "intervention_topk": [
    [
      1,
      0.6518105849582173
    ],
    [
      2,
      0.7715877437325905
    ],
    [
      3,
      0.83008356545961
    ]
  ],
  "intervention_rank_list": [
    474,
    0,
    0,
    1,
    1,
    2,
    0,
    0,
    0,
    4,
    0,
    6,
    0,
    28,
    1,
    0,
    0,
    0,
    0,
    0,
    0,
    0,
    2,
    0,
    125,
    0,
    17,
    2,
    0,
    2,
    0,
    18,
    0,
    1,
    6,
    0,
    0,
    4,
    0,
    0,
    0,
    12,
    0,
    29,
    0,
    17,
    0,
    0,
    0,
    0,
    0,
    9,
    0,
    0,
    9,
    0,
    0,
    0,
    0,
    1,
    0,
    0,
    0,
    0,
    0,
    0,
    0,
    0,
    2,
    2,
    92,
    2,
    2,
    2,
    0,
    1,
    1,
    0,
    0,
    1,
    0,
    1,
    0,
    0,
    0,
    2,
    0,
    0,
    0,
    0,
    0,
    1,
    52,
    0,
    0,
    0,
    0,
    0,
    0,
    0,
    0,
    17,
    0,
    0,
    0,
    2,
    0,
    109,
    0,
    0,
    0,
    0,
    0,
    4,
    4,
    2914,
    1,
    0,
    0,
    0,
    3,
    0,
    1,
    0,
    0,
    0,
    8,
    5,
    0,
    1,
    13,
    0,
    0,
    0,
    0,
    2,
    17,
    3,
    10,
    286,
    0,
    4,
    1,
    1,
    1,
    0,
    0,
    1,
    1,
    0,
    0,
    0,
    1,
    0,
    0,
    1,
    4,
    0,
    0,
    0,
    0,
    0,
    1,
    4,
    0,
    0,
    1,
    1,
    0,
    0,
    0,
    0,
    12,
    1,
    0,
    0,
    2,
    0,
    2,
    44,
    0,
    3,
    0,
    1,
    0,
    0,
    0,
    0,
    0,
    0,
    0,
    16,
    0,
    0,
    0,
    2,
    0,
    0,
    0,
    0,
    1,
    0,
    0,
    0,
    0,
    0,
    0,
    1,
    0,
    0,
    0,
    0,
    1,
    0,
    0,
    0,
    12,
    2,
    0,
    1,
    10,
    0,
    0,
    0,
    0,
    3,
    0,
    38,
    0,
    0,
    0,
    0,
    0,
    3,
    0,
    0,
    0,
    0,
    0,
    0,
    0,
    3,
    0,
    2,
    0,
    0,
    0,
    0,
    0,
    0,
    0,
    0,
    0,
    0,
    1,
    0,
    433,
    0,
    4,
    0,
    0,
    0,
    0,
    0,
    0,
    0,
    0,
    119,
    2,
    1,
    22,
    0,
    0,
    1,
    0,
    389,
    0,
    0,
    0,
    0,
    0,
    59,
    0,
    0,
    0,
    118,
    0,
    0,
    0,
    78,
    0,
    0,
    68,
    1,
    0,
    0,
    0,
    0,
    1,
    0,
    210,
    3,
    0,
    0,
    3,
    0,
    0,
    0,
    0,
    0,
    0,
    0,
    13,
    0,
    0,
    0,
    0,
    0,
    1,
    0,
    0,
    1,
    2,
    0,
    0,
    0,
    2,
    0,
    0,
    0,
    4,
    101,
    1,
    12,
    1,
    0,
    0,
    1,
    0,
    1,
    0,
    0,
    0,
    2,
    3,
    0,
    0,
    0,
    1,
    248,
    0,
    0,
    0,
    1,
    0,
    0,
    0,
    7,
    1
  ]
}