{
  "clean_topk": [
    [
      1,
      0.005571030640668524
    ],
    [
      2,
      0.011142061281337047
    ],
    [
      3,
      0.019498607242339833
    ]
  ],
  "clean_rank_list": [
    2767,
    14,
    119,
    71,
    153,
    599,
    32,
    903,
    1381,
    568,
    20,
    9009,
    0,
    55,
    13,
    24,
    35,
    886,
    28,
    10,
    228,
    14,
    552,
    13,
    1302,
    600,
    130,
    226,
    24,
    237,
    503,
    860,
    4,
    40,
    16093,
    773,
    1,
    265,
    39,
    15,
    32,
    231,
    13,
    2337,
    36,
    503,
    35,
    4559,
    354,
    47,
    37,
    249,
    241,
    3326,
    698,
    83,
    23,
    19,
    62,
    114,
    286,
    213,
    1514,
    6,
    13,
    6,
    19,
    109,
    580,
    56,
    376,
    861,
    1177,
    1140,
    93,
    45,
    52,
    62,
    78,
    217,
    76,
    157,
    57,
    56,
    114,
    1752,
    24,
    1,
    36,
    2,
    76,
    3150,
    3953,
    66,
    43,
    12,
    218,
    362,
    18,
    32,
    13,
    746,
    76,
    25,
    11,
    14,
    28,
    244,
    38,
    56,
    229,
    461,
    27,
    751,
    204,
    188,
    218,
    317,
    108,
    7,
    89,
    46,
    48,
    50,
    16,
    238,
    1418,
    727,
    13,
    258,
    383,
    727,
    52,
    495,
    28,
    376,
    24,
    113,
    523,
    285,
    52,
    586,
    8,
    1801,
    268,
    63,
    40,
    357,
    329,
    14,
    0,
    45,
    183,
    147,
    97,
    20,
    3030,
    47,
    1291,
    60,
    37,
    28,
    19,
    367,
    346,
    211,
    222,
    2,
    12,
    412,
    217,
    213,
    765,
    138,
    19,
    98,
    50,
    13,
    6664,
    820,
    18,
    544,
    193,
    1022,
    80,
    77,
    62,
    149,
    89,
    130,
    26,
    704,
    122,
    9,
    12,
    223,
    12,
    214,
    991,
    25,
    1793,
    48,
    183,
    11,
    121,
    85,
    44,
    11,
    267,
    7,
    106,
    458,
    6,
    6,
    17,
    16,
    128,
    166,
    17,
    8,
    135,
    24,
    8,
    627,
    33,
    62,
    29,
    1441,
    16,
    1568,
    21,
    235,
    12,
    144,
    4,
    363,
    4,
    55,
    5,
    4,
    6,
    31,
    105,
    7,
    35,
    3,
    3,
    44,
    42,
    81,
    198,
    114,
    143,
    92,
    424,
    9,
    449,
    94,
    2741,
    87,
    46,
    66,
    33,
    11,
    63,
    809,
    25,
    2144,
    403,
    355,
    858,
    548,
    46,
    212,
    325,
    161,
    134,
    44,
    304,
    807,
    34,
    56,
    15,
    6,
    51,
    216,
    2,
    120,
    6,
    696,
    65,
    10,
    2377,
    127,
    4,
    338,
    72,
    21,
    419,
    114,
    7047,
    219,
    283,
    9,
    1001,
    98,
    893,
    48,
    105,
    10,
    45,
    7,
    589,
    62,
    24,
    436,
    383,
    150,
    37,
    328,
    14,
    613,
    113,
    837,
    1202,
    8,
    1100,
    78,
    20,
    29,
    1398,
    1140,
    23,
    221,
    326,
    18,
    19,
    2298,
    44,
    41,
    6,
    93,
    48,
    338,
    6815,
    283,
    17,
    7,
    34,
    397,
    1134,
    19,
    9,
    181,
    41,
    113,
    24,
    116,
    67
  ],
  "intervention_topk": [
    [
      1,
      0.5041782729805014
    ],
    [
      2,
      0.6072423398328691
    ],
    [
      3,
      0.6462395543175488
    ]
  ],
  "intervention_rank_list": [
    2641,
    0,
    0,
    4,
    1,
    17,
    1,
    0,
    19,
    2,
    1,
    3205,
    0,
    7,
    1,
    0,
    1,
    8,
    0,
    0,
    8,
    0,
    2,
    0,
    373,
    14,
    20,
    2,
    3,
    1,
    2,
    10,
    0,
    5,
    4350,
    8,
    0,
    19,
    3,
    0,
    0,
    29,
    0,
    174,
    1,
    114,
    1,
    110,
    0,
    9,
    0,
    4,
    5,
    174,
    7,
    0,
    0,
    0,
    0,
    0,
    0,
    1,
    7,
    0,
    0,
    0,
    0,
    6,
    16,
    14,
    61,
    25,
    38,
    15,
    5,
    5,
    0,
    0,
    0,
    7,
    0,
    0,
    0,
    0,
    0,
    41,
    0,
    0,
    0,
    0,
    0,
    1803,
    120,
    0,
    0,
    0,
    2,
    0,
    0,
    0,
    0,
    93,
    0,
    0,
    0,
    0,
    0,
    43,
    0,
    0,
    0,
    1,
    0,
    51,
    27,
    42,
    33,
    9,
    0,
    0,
    0,
    0,
    2,
    0,
    0,
    2,
    12,
    7,
    4,
    1,
    38,
    12,
    0,
    14,
    2,
    12,
    44,
    19,
    29,
    268,
    0,
    0,
    0,
    1,
    15,
    0,
    22,
    4,
    0,
    0,
    0,
    0,
    2,
    0,
    17,
    1,
    91,
    1,
    7,
    0,
    0,
    0,
    0,
    13,
    11,
    1,
    1,
    1,
    0,
    2,
    0,
    0,
    44,
    0,
    1,
    0,
    9,
    0,
    3692,
    58,
    0,
    9,
    3,
    18,
    6,
    1,
    0,
    0,
    0,
    0,
    0,
    51,
    5,
    0,
    0,
    7,
    0,
    0,
    0,
    0,
    45,
    0,
    10,
    0,
    0,
    0,
    0,
    0,
    0,
    0,
    0,
    1,
    0,
    0,
    1,
    0,
    19,
    3,
    0,
    0,
    2,
    0,
    1,
    0,
    0,
    1,
    0,
    12,
    0,
    0,
    0,
    1,
    0,
    1,
    0,
    0,
    0,
    0,
    0,
    0,
    0,
    0,
    4,
    1,
    10,
    0,
    0,
    7,
    0,
    0,
    48,
    16,
    0,
    0,
    0,
    0,
    269,
    1,
    298,
    9,
    0,
    0,
    0,
    0,
    0,
    10,
    1,
    169,
    4,
    1,
    103,
    0,
    1,
    10,
    1,
    15,
    98,
    0,
    1,
    2,
    0,
    62,
    0,
    0,
    0,
    155,
    0,
    0,
    0,
    2,
    0,
    0,
    99,
    0,
    0,
    4,
    0,
    1,
    10,
    0,
    4261,
    3,
    0,
    0,
    43,
    0,
    21,
    0,
    0,
    0,
    1,
    0,
    14,
    14,
    0,
    7,
    0,
    7,
    0,
    9,
    0,
    12,
    0,
    1,
    10,
    0,
    11,
    0,
    0,
    0,
    7,
    409,
    0,
    6,
    1,
    0,
    0,
    17,
    0,
    4,
    0,
    0,
    3,
    6,
    422,
    0,
    0,
    0,
    14,
    195,
    2,
    0,
    0,
    7,
    0,
    1,
    0,
    30,
    0
  ]
}