{
  "clean_topk": [
    [
      1,
      0.047619047619047616
    ],
    [
      2,
      0.047619047619047616
    ],
    [
      3,
      0.047619047619047616
    ]
  ],
  "clean_rank_list": [
    124,
    15,
    356,
    0,
    3,
    145,
    58,
    83,
    115,
    90,
    35,
    185,
    105,
    156,
    10,
    38,
    37,
    214,
    72,
    163,
    63,
    52,
    0,
    281,
    49,
    63,
    7,
    30,
    17,
    6,
    75,
    20,
    8,
    4,
    123,
    18,
    48,
    204,
    128,
    112,
    41,
    146
  ],
  "intervention_topk": [
    [
      1,
      0.09523809523809523
    ],
    [
      2,
      0.11904761904761904
    ],
    [
      3,
      0.16666666666666666
    ]
  ],
  "intervention_rank_list": [
    118,
    23,
    227,
    0,
    2,
    95,
    53,
    131,
    107,
    34,
    2,
    35,
    33,
    19,
    0,
    19,
    22,
    152,
    12,
    125,
    3,
    30,
    0,
    162,
    34,
    22,
    3,
    26,
    10,
    4,
    77,
    33,
    0,
    6,
    61,
    3,
    5,
    159,
    49,
    54,
    1,
    31
  ]
}