{
  "clean_topk": [
    [
      1,
      0.0975609756097561
    ],
    [
      2,
      0.17073170731707318
    ],
    [
      3,
      0.17073170731707318
    ]
  ],
  "clean_rank_list": [
    95,
    4,
    34,
    3,
    38,
    22,
    1,
    96,
    4,
    40,
    14,
    221,
    199,
    0,
    0,
    8,
    5,
    17,
    11,
    29,
    84,
    27,
    0,
    63,
    21,
    1,
    13,
    21,
    163,
    181,
    0,
    27,
    3,
    1,
    17,
    5,
    7,
    21,
    196,
    60,
    37
  ],
  "intervention_topk": [
    [
      1,
      0.07317073170731707
    ],
    [
      2,
      0.1951219512195122
    ],
    [
      3,
      0.24390243902439024
    ]
  ],
  "intervention_rank_list": [
    122,
    6,
    9,
    1,
    21,
    10,
    0,
    72,
    3,
    37,
    67,
    180,
    110,
    0,
    0,
    6,
    3,
    71,
    45,
    2,
    58,
    8,
    2,
    61,
    14,
    4,
    14,
    40,
    312,
    155,
    1,
    6,
    1,
    1,
    26,
    1,
    7,
    27,
    188,
    64,
    59
  ]
}