{
  "clean_topk": [
    [
      1,
      0.04878048780487805
    ],
    [
      2,
      0.04878048780487805
    ],
    [
      3,
      0.04878048780487805
    ]
  ],
  "clean_rank_list": [
    7,
    4,
    46,
    48,
    18,
    7,
    6,
    12,
    9,
    37,
    16,
    73,
    90,
    79,
    24,
    3,
    22,
    24,
    30,
    37,
    0,
    103,
    0,
    4,
    8,
    33,
    26,
    22,
    13,
    10,
    12,
    11,
    11,
    9,
    33,
    11,
    7,
    12,
    21,
    9,
    15
  ],
  "intervention_topk": [
    [
      1,
      0.04878048780487805
    ],
    [
      2,
      0.04878048780487805
    ],
    [
      3,
      0.04878048780487805
    ]
  ],
  "intervention_rank_list": [
    9,
    4,
    54,
    62,
    13,
    12,
    7,
    14,
    5,
    46,
    14,
    88,
    93,
    56,
    28,
    3,
    23,
    24,
    22,
    44,
    0,
    82,
    0,
    5,
    7,
    31,
    29,
    24,
    13,
    13,
    23,
    12,
    11,
    9,
    58,
    14,
    7,
    17,
    28,
    9,
    13
  ]
}