{
  "0": {
    "clean_topk": [
      [
        1,
        0.01639344262295082
      ],
      [
        2,
        0.01639344262295082
      ],
      [
        3,
        0.01639344262295082
      ]
    ],
    "clean_rank_list": [
      10,
      82,
      34,
      160,
      50,
      14,
      40,
      8401,
      18,
      48,
      299,
      394,
      25,
      137,
      41,
      64,
      39,
      95,
      28,
      152,
      387,
      0,
      100,
      425,
      347,
      182,
      123,
      81,
      32,
      45,
      82,
      563,
      120,
      492,
      190,
      108,
      4,
      58,
      339,
      88,
      58,
      246,
      227,
      14,
      83,
      99,
      36,
      12,
      28,
      238,
      15,
      59,
      89,
      53,
      6,
      177,
      85,
      9,
      10,
      620,
      32
    ],
    "clean_ppl": 8270.82846201086
  },
  "1": {
    "clean_topk": [
      [
        1,
        0.39344262295081966
      ],
      [
        2,
        0.7540983606557377
      ],
      [
        3,
        0.8524590163934426
      ]
    ],
    "clean_rank_list": [
      1,
      0,
      0,
      1,
      1,
      0,
      1,
      718,
      1,
      2,
      1,
      0,
      0,
      1,
      0,
      0,
      0,
      1,
      2,
      2,
      0,
      0,
      0,
      1,
      3,
      1,
      3,
      1,
      1,
      1,
      0,
      1,
      0,
      0,
      4,
      0,
      13,
      0,
      0,
      9,
      0,
      2,
      0,
      1,
      0,
      17,
      1,
      1,
      1,
      1,
      1,
      0,
      0,
      2,
      0,
      1,
      0,
      2,
      3,
      3,
      1
    ],
    "clean_ppl": 127.19362989448844
  },
  "2": {
    "clean_topk": [
      [
        1,
        0.7540983606557377
      ],
      [
        2,
        0.9180327868852459
      ],
      [
        3,
        0.9672131147540983
      ]
    ],
    "clean_rank_list": [
      0,
      0,
      0,
      1,
      1,
      0,
      1,
      3,
      0,
      0,
      0,
      0,
      0,
      0,
      0,
      0,
      0,
      0,
      0,
      2,
      0,
      0,
      0,
      0,
      0,
      0,
      0,
      1,
      0,
      0,
      0,
      0,
      0,
      2,
      2,
      0,
      1,
      0,
      0,
      0,
      0,
      0,
      0,
      0,
      0,
      0,
      0,
      0,
      0,
      1,
      1,
      0,
      0,
      0,
      0,
      1,
      5,
      0,
      1,
      1,
      0
    ],
    "clean_ppl": 5.177588526779115
  },
  "3": {
    "clean_topk": [
      [
        1,
        0.8852459016393442
      ],
      [
        2,
        0.9836065573770492
      ],
      [
        3,
        0.9836065573770492
      ]
    ],
    "clean_rank_list": [
      0,
      0,
      0,
      1,
      0,
      0,
      0,
      1,
      0,
      0,
      0,
      0,
      0,
      0,
      0,
      0,
      1,
      0,
      0,
      3,
      0,
      0,
      0,
      0,
      0,
      0,
      0,
      0,
      0,
      0,
      0,
      0,
      0,
      0,
      1,
      0,
      0,
      0,
      0,
      0,
      0,
      0,
      0,
      0,
      0,
      0,
      0,
      0,
      0,
      0,
      1,
      0,
      0,
      0,
      0,
      0,
      0,
      0,
      1,
      0,
      0
    ],
    "clean_ppl": 1.895852343316065
  },
  "4": {
    "clean_topk": [
      [
        1,
        0.9344262295081968
      ],
      [
        2,
        0.9672131147540983
      ],
      [
        3,
        1.0
      ]
    ],
    "clean_rank_list": [
      0,
      0,
      0,
      0,
      0,
      0,
      0,
      1,
      0,
      0,
      0,
      0,
      0,
      0,
      0,
      0,
      0,
      0,
      0,
      2,
      0,
      0,
      0,
      0,
      0,
      0,
      0,
      0,
      0,
      0,
      0,
      0,
      0,
      0,
      2,
      0,
      0,
      0,
      0,
      0,
      0,
      0,
      0,
      0,
      0,
      0,
      0,
      0,
      0,
      0,
      0,
      0,
      0,
      0,
      0,
      0,
      0,
      0,
      1,
      0,
      0
    ],
    "clean_ppl": 1.4028914801460213
  },
  "5": {
    "clean_topk": [
      [
        1,
        0.9672131147540983
      ],
      [
        2,
        0.9836065573770492
      ],
      [
        3,
        1.0
      ]
    ],
    "clean_rank_list": [
      0,
      0,
      0,
      0,
      0,
      0,
      0,
      0,
      0,
      0,
      0,
      0,
      0,
      0,
      0,
      0,
      0,
      0,
      0,
      2,
      0,
      0,
      0,
      0,
      0,
      0,
      0,
      0,
      0,
      0,
      0,
      0,
      0,
      0,
      1,
      0,
      0,
      0,
      0,
      0,
      0,
      0,
      0,
      0,
      0,
      0,
      0,
      0,
      0,
      0,
      0,
      0,
      0,
      0,
      0,
      0,
      0,
      0,
      0,
      0,
      0
    ],
    "clean_ppl": 1.3032234587091651
  },
  "6": {
    "clean_topk": [
      [
        1,
        0.9672131147540983
      ],
      [
        2,
        0.9836065573770492
      ],
      [
        3,
        1.0
      ]
    ],
    "clean_rank_list": [
      0,
      0,
      0,
      0,
      0,
      0,
      0,
      0,
      0,
      0,
      0,
      0,
      0,
      0,
      0,
      0,
      0,
      0,
      0,
      1,
      0,
      0,
      0,
      0,
      0,
      0,
      0,
      0,
      0,
      0,
      0,
      0,
      0,
      0,
      2,
      0,
      0,
      0,
      0,
      0,
      0,
      0,
      0,
      0,
      0,
      0,
      0,
      0,
      0,
      0,
      0,
      0,
      0,
      0,
      0,
      0,
      0,
      0,
      0,
      0,
      0
    ],
    "clean_ppl": 1.22408555441393
  },
  "7": {
    "clean_topk": [
      [
        1,
        0.9672131147540983
      ],
      [
        2,
        0.9836065573770492
      ],
      [
        3,
        0.9836065573770492
      ]
    ],
    "clean_rank_list": [
      0,
      0,
      0,
      0,
      0,
      0,
      0,
      0,
      0,
      0,
      0,
      0,
      0,
      0,
      0,
      0,
      0,
      0,
      0,
      3,
      0,
      0,
      0,
      0,
      0,
      0,
      0,
      0,
      0,
      0,
      0,
      0,
      0,
      0,
      1,
      0,
      0,
      0,
      0,
      0,
      0,
      0,
      0,
      0,
      0,
      0,
      0,
      0,
      0,
      0,
      0,
      0,
      0,
      0,
      0,
      0,
      0,
      0,
      0,
      0,
      0
    ],
    "clean_ppl": 1.1592846087522863
  },
  "8": {
    "clean_topk": [
      [
        1,
        0.9672131147540983
      ],
      [
        2,
        0.9836065573770492
      ],
      [
        3,
        0.9836065573770492
      ]
    ],
    "clean_rank_list": [
      0,
      0,
      0,
      0,
      0,
      0,
      0,
      0,
      0,
      0,
      0,
      0,
      0,
      0,
      0,
      0,
      0,
      0,
      0,
      3,
      0,
      0,
      0,
      0,
      0,
      0,
      0,
      0,
      0,
      0,
      0,
      0,
      0,
      0,
      1,
      0,
      0,
      0,
      0,
      0,
      0,
      0,
      0,
      0,
      0,
      0,
      0,
      0,
      0,
      0,
      0,
      0,
      0,
      0,
      0,
      0,
      0,
      0,
      0,
      0,
      0
    ],
    "clean_ppl": 1.1285082283784773
  },
  "9": {
    "clean_topk": [
      [
        1,
        0.9672131147540983
      ],
      [
        2,
        1.0
      ],
      [
        3,
        1.0
      ]
    ],