{
  "clean_topk": [
    [
      1,
      0.9761904761904762
    ],
    [
      2,
      1.0
    ],
    [
      3,
      1.0
    ]
  ],
  "clean_rank_list": [
    0,
    0,
    0,
    0,
    1,
    0,
    0,
    0,
    0,
    0,
    0,
    0,
    0,
    0,
    0,
    0,
    0,
    0,
    0,
    0,
    0,
    0,
    0,
    0,
    0,
    0,
    0,
    0,
    0,
    0,
    0,
    0,
    0,
    0,
    0,
    0,
    0,
    0,
    0,
    0,
    0,
    0
  ],
  "clean_ppl": 1.0603478427331552
}