{
  "clean_topk": [
    [
      1,
      0.047619047619047616
    ],
    [
      2,
      0.047619047619047616
    ],
    [
      3,
      0.047619047619047616
    ]
  ],
  "clean_rank_list": [
    124,
    15,
    356,
    0,
    3,
    145,
    58,
    83,
    115,
    90,
    35,
    185,
    105,
    156,
    10,
    38,
    37,
    214,
    72,
    163,
    63,
    52,
    0,
    281,
    49,
    63,
    7,
    30,
    17,
    6,
    75,
    20,
    8,
    4,
    123,
    18,
    48,
    204,
    128,
    112,
    41,
    146
  ],
  "intervention_topk": [
    [
      1,
      0.09523809523809523
    ],
    [
      2,
      0.09523809523809523
    ],
    [
      3,
      0.09523809523809523
    ]
  ],
  "intervention_rank_list": [
    122,
    19,
    296,
    0,
    3,
    117,
    51,
    105,
    117,
    43,
    12,
    142,
    63,
    42,
    0,
    25,
    29,
    190,
    32,
    144,
    17,
    42,
    0,
    260,
    54,
    36,
    3,
    32,
    13,
    3,
    65,
    28,
    0,
    6,
    90,
    5,
    17,
    197,
    85,
    89,
    22,
    92
  ]
}