{
  "clean_topk": [
    [
      1,
      0.047619047619047616
    ],
    [
      2,
      0.07142857142857142
    ],
    [
      3,
      0.11904761904761904
    ]
  ],
  "clean_rank_list": [
    17,
    19,
    2,
    109,
    30,
    11,
    15,
    3,
    14,
    3,
    5,
    1,
    27,
    118,
    449,
    44,
    3,
    3,
    3,
    18,
    34,
    0,
    8,
    0,
    3,
    3,
    10,
    5,
    22,
    7,
    20,
    23,
    3,
    25,
    7,
    15,
    6,
    4,
    19,
    28,
    3,
    2
  ],
  "intervention_topk": [
    [
      1,
      0.30952380952380953
    ],
    [
      2,
      0.6190476190476191
    ],
    [
      3,
      0.7857142857142857
    ]
  ],
  "intervention_rank_list": [
    3,
    0,
    0,
    12,
    12,
    5,
    1,
    1,
    2,
    0,
    1,
    0,
    0,
    3,
    453,
    6,
    1,
    0,
    1,
    2,
    5,
    0,
    2,
    0,
    0,
    1,
    1,
    1,
    0,
    0,
    2,
    8,
    0,
    1,
    2,
    2,
    1,
    0,
    1,
    2,
    1,
    1
  ]
}