{
  "clean_topk": [
    [
      1,
      0.7063492063492064
    ],
    [
      2,
      0.8472222222222222
    ],
    [
      3,
      0.8948412698412699
    ]
  ],
  "clean_rank_list": [
    0,
    85,
    0,
    0,
    5,
    0,
    0,
    0,
    1,
    0,
    0,
    0,
    0,
    1,
    0,
    0,
    1,
    0,
    0,
    1,
    21,
    50,
    1,
    1,
    0,
    0,
    0,
    0,
    0,
    0,
    0,
    0,
    1,
    1,
    0,
    2,
    38,
    0,
    1,
    0,
    0,
    2,
    1,
    185,
    0,
    7,
    0,
    0,
    2,
    0,
    1,
    0,
    6,
    0,
    0,
    0,
    0,
    0,
    2,
    0,
    0,
    0,
    0,
    1,
    15,
    0,
    1,
    0,
    20,
    0,
    0,
    0,
    0,
    1,
    1,
    20,
    1,
    1,
    0,
    4,
    0,
    2,
    0,
    1,
    0,
    1,
    0,
    0,
    0,
    0,
    0,
    0,
    0,
    0,
    0,
    51,
    20,
    0,
    1,
    0,
    0,
    1,
    0,
    0,
    0,
    0,
    0,
    1,
    1,
    0,
    0,
    53,
    0,
    2,
    0,
    6,
    0,
    0,
    0,
    0,
    0,
    0,
    0,
    0,
    0,
    0,
    0,
    0,
    0,
    22,
    16,
    1,
    0,
    0,
    0,
    1,
    0,
    15,
    0,
    0,
    0,
    0,
    0,
    0,
    0,
    2,
    1,
    0,
    0,
    1,
    0,
    0,
    0,
    1,
    0,
    2,
    1,
    5,
    0,
    0,
    11,
    0,
    0,
    2,
    1,
    0,
    2,
    1,
    1,
    0,
    1,
    0,
    0,
    0,
    0,
    0,
    0,
    0,
    0,
    0,
    0,
    0,
    0,
    10,
    0,
    6,
    1,
    0,
    1,
    0,
    0,
    0,
    0,
    3,
    0,
    1,
    0,
    0,
    2,
    5,
    1,
    0,
    0,
    1,
    0,
    0,
    0,
    383,
    0,
    0,
    1,
    0,
    0,
    0,
    0,
    0,
    0,
    2,
    0,
    0,
    0,
    0,
    0,
    0,
    0,
    0,
    0,
    0,
    0,
    0,
    0,
    0,
    0,
    1,
    0,
    0,
    0,
    0,
    0,
    0,
    1,
    1,
    0,
    0,
    2,
    0,
    0,
    0,
    0,
    0,
    0,
    0,
    0,
    0,
    0,
    0,
    0,
    0,
    0,
    0,
    0,
    0,
    0,
    1,
    0,
    1,
    0,
    0,
    0,
    4,
    0,
    0,
    4,
    0,
    0,
    0,
    0,
    0,
    0,
    5,
    0,
    0,
    0,
    0,
    24,
    0,
    0,
    0,
    1,
    0,
    0,
    0,
    0,
    0,
    0,
    3,
    1,
    0,
    5,
    0,
    0,
    0,
    0,
    0,
    0,
    30,
    0,
    0,
    0,
    0,
    0,
    0,
    14,
    1,
    0,
    0,
    0,
    9,
    0,
    0,
    0,
    1,
    0,
    0,
    1,
    0,
    0,
    0,
    0,
    1,
    0,
    0,
    0,
    1,
    4,
    362,
    34,
    0,
    0,
    0,
    0,
    0,
    0,
    0,
    0,
    0,
    5,
    0,
    0,
    0,
    0,
    0,
    4,
    0,
    0,
    0,
    0,
    1,
    0,
    0,
    1,
    0,
    1,
    1,
    0,
    0,
    0,
    0,
    0,
    0,
    0,
    0,
    0,
    2,
    0,
    0,
    0,
    2,
    1,
    0,
    0,
    3,
    0,
    0,
    0,
    0,
    0,
    36,
    0,
    0,
    0,
    0,
    2,
    0,
    0,
    0,
    0,
    0,
    0,
    0,
    1,
    1,
    0,
    0,
    0,
    0,
    5,
    0,
    1,
    0,
    0,
    0,
    0,
    0,
    1,
    1,
    0,
    0,
    0,
    0,
    0,
    0,
    2,
    1,
    0,
    0,
    0,
    0,
    0,
    0,
    0,
    0,
    0,
    2,
    0,
    0,
    0,
    0,
    0,
    2,
    0,
    0,
    0,
    0,
    2,
    4,
    0,
    0,
    0,
    0,
    0,
    9,
    0,
    1,
    0,
    0,
    0,
    4,
    0,
    0,
    0,
    48,
    9,
    0,
    1,
    0,
    0,
    0,
    1,
    12,
    4,
    0,
    0,
    0,
    2,
    0,
    1,
    1,
    2,
    1,
    7,
    10,
    0,
    70,
    0,
    0,
    0,
    1,
    1,
    0,
    0,
    0,
    0,
    2,
    0,
    0,
    0,
    0,
    0,
    0,
    0,
    0,
    1,
    2
  ],
  "clean_ppl": 59.89624877002632
}