{
  "clean_topk": [
    [
      1,
      0.36797752808988765
    ],
    [
      2,
      0.4410112359550562
    ],
    [
      3,
      0.4943820224719101
    ]
  ],
  "clean_rank_list": [
    20,
    22,
    22,
    0,
    253,
    173,
    0,
    0,
    0,
    1367,
    16,
    22,
    1851,
    0,
    5,
    0,
    10,
    38,
    0,
    5365,
    0,
    1711,
    0,
    1,
    757,
    0,
    0,
    43,
    0,
    3,
    371,
    12,
    148,
    70,
    13,
    0,
    0,
    1016,
    0,
    6,
    0,
    2,
    0,
    0,
    0,
    0,
    0,
    0,
    1,
    0,
    2,
    0,
    0,
    61,
    8,
    7,
    0,
    0,
    0,
    565,
    3,
    144,
    362,
    2,
    0,
    0,
    16,
    0,
    3,
    490,
    0,
    51,
    2,
    12,
    0,
    147,
    45,
    0,
    1,
    0,
    1,
    0,
    26,
    4539,
    0,
    8,
    0,
    0,
    2,
    476,
    1,
    3627,
    0,
    0,
    9,
    0,
    5,
    1,
    33,
    64,
    67,
    2,
    15,
    0,
    43,
    2,
    5365,
    183,
    90,
    2,
    0,
    0,
    4,
    0,
    0,
    517,
    18,
    0,
    5,
    0,
    0,
    0,
    11,
    0,
    0,
    0,
    2364,
    94,
    78,
    3980,
    2,
    0,
    24,
    2,
    415,
    6,
    0,
    3,
    799,
    106,
    13,
    624,
    50,
    0,
    0,
    4,
    43,
    406,
    84,
    1,
    762,
    0,
    357,
    3474,
    0,
    6,
    0,
    5,
    451,
    344,
    4185,
    0,
    0,
    0,
    1,
    18,
    0,
    88,
    53,
    4,
    37,
    0,
    37,
    8452,
    100,
    1216,
    7,
    0,
    17,
    473,
    2,
    3439,
    45,
    1,
    29,
    916,
    4,
    0,
    5,
    11,
    536,
    0,
    0,
    2,
    0,
    0,
    2,
    0,
    1,
    3319,
    0,
    0,
    0,
    0,
    0,
    0,
    17,
    3,
    0,
    18,
    1071,
    41,
    0,
    0,
    0,
    517,
    1,
    4,
    0,
    1,
    11,
    0,
    0,
    0,
    0,
    0,
    0,
    273,
    6,
    603,
    330,
    0,
    1785,
    7,
    69,
    0,
    13,
    0,
    0,
    0,
    0,
    2,
    0,
    0,
    0,
    67,
    127,
    36,
    0,
    10540,
    62,
    584,
    733,
    255,
    40,
    35,
    40,
    0,
    0,
    0,
    0,
    0,
    35,
    1,
    126,
    4,
    0,
    54,
    0,
    0,
    5,
    0,
    2,
    4,
    91,
    2,
    5,
    11,
    0,
    1,
    0,
    0,
    1474,
    0,
    999,
    5086,
    0,
    26,
    0,
    23,
    2,
    38,
    642,
    1712,
    35,
    1,
    0,
    125,
    305,
    12,
    1,
    5,
    1,
    1,
    150,
    82,
    1,
    0,
    0,
    38,
    1,
    7527,
    2218,
    3,
    0,
    246,
    0,
    165,
    75,
    66,
    0,
    0,
    87,
    30,
    2,
    60,
    1,
    1,
    13,
    1,
    0,
    0,
    1,
    7,
    181,
    392,
    2,
    0,
    4,
    10,
    32,
    0,
    0,
    4079,
    0,
    0,
    5,
    153,
    4294,
    14,
    1,
    0,
    1,
    0,
    9,
    336
  ],
  "intervention_topk": [
    [
      1,
      0.7359550561797753
    ],
    [
      2,
      0.8258426966292135
    ],
    [
      3,
      0.8651685393258427
    ]
  ],
  "intervention_rank_list": [
    1,
    0,
    8,
    0,
    0,
    0,
    0,
    0,
    0,
    0,
    0,
    0,
    0,
    0,
    0,
    0,
    0,
    0,
    0,
    0,
    0,
    0,
    0,
    0,
    1,
    1,
    0,
    0,
    0,
    0,
    0,
    0,
    3,
    0,
    0,
    0,
    0,
    52,
    0,
    3,
    0,
    0,
    0,
    0,
    0,
    0,
    0,
    0,
    0,
    0,
    0,
    0,
    0,
    7,
    0,
    0,
    0,
    0,
    0,
    18,
    0,
    28,
    1,
    1,
    0,
    0,
    0,
    1,
    0,
    6,
    0,
    0,
    0,
    0,
    0,
    0,
    0,
    0,
    1,
    0,
    1,
    0,
    0,
    3,
    0,
    1,
    0,
    0,
    0,
    0,
    0,
    2,
    0,
    0,
    0,
    0,
    3,
    0,
    0,
    1,
    0,
    0,
    0,
    0,
    0,
    0,
    7,
    201,
    0,
    0,
    0,
    0,
    1,
    0,
    0,
    0,
    4,
    0,
    2,
    0,
    0,
    0,
    0,
    0,
    0,
    0,
    27,
    4,
    7,
    64,
    0,
    0,
    0,
    0,
    2,
    1,
    0,
    0,
    0,
    0,
    0,
    24,
    0,
    0,
    1,
    0,
    0,
    8,
    0,
    0,
    1,
    0,
    1,
    1,
    0,
    0,
    0,
    0,
    0,
    0,
    2,
    0,
    0,
    0,
    1,
    0,
    2,
    0,
    1,
    0,
    1,
    0,
    1,
    19,
    0,
    2,
    0,
    0,
    0,
    0,
    0,
    5,
    0,
    2,
    0,
    8,
    0,
    0,
    0,
    14,
    0,
    0,
    0,
    2,
    0,
    0,
    0,
    0,
    0,
    15,
    0,
    0,
    0,
    0,
    0,
    0,
    0,
    0,
    0,
    0,
    0,
    0,
    0,
    0,
    0,
    6,
    3,
    0,
    0,
    0,
    0,
    0,
    0,
    0,
    0,
    0,
    0,
    0,
    0,
    2,
    1,
    0,
    0,
    0,
    0,
    0,
    0,
    0,
    0,
    0,
    2,
    0,
    0,
    0,
    0,
    0,
    170,
    1,
    0,
    0,
    0,
    0,
    0,
    10,
    0,
    0,
    7,
    0,
    0,
    0,
    0,
    0,
    5,
    0,
    8,
    1,
    0,
    2,
    0,
    0,
    0,
    0,
    1,
    0,
    1,
    0,
    1,
    1,
    0,
    0,
    0,
    0,
    127,
    0,
    3,
    5,
    0,
    0,
    0,
    0,
    1,
    0,
    6,
    0,
    1,
    0,
    0,
    30,
    0,
    0,
    0,
    4,
    0,
    0,
    0,
    0,
    0,
    0,
    0,
    4,
    0,
    130,
    16,
    6,
    0,
    1,
    0,
    0,
    2,
    0,
    0,
    2,
    10,
    0,
    4,
    0,
    0,
    0,
    0,
    0,
    0,
    0,
    3,
    1,
    0,
    1,
    7,
    0,
    0,
    0,
    3,
    0,
    2,
    1257,
    0,
    0,
    0,
    0,
    0,
    0,
    0,
    0,
    0,
    0,
    0,
    32
  ]
}