{
  "clean_topk": [
    [
      1,
      0.008426966292134831
    ],
    [
      2,
      0.016853932584269662
    ],
    [
      3,
      0.02247191011235955
    ]
  ],
  "clean_rank_list": [
    682,
    7,
    386,
    9,
    5542,
    166,
    369,
    67,
    111,
    179,
    673,
    122,
    5981,
    2,
    23,
    131,
    1224,
    21,
    24,
    343,
    34,
    191,
    77,
    5114,
    166,
    27,
    231,
    345,
    5,
    1455,
    775,
    5,
    79,
    29,
    19,
    5,
    33,
    1848,
    20,
    1932,
    21,
    1987,
    27,
    62,
    8,
    466,
    92,
    8,
    6,
    9,
    32,
    952,
    164,
    495,
    25,
    36,
    9,
    27,
    276,
    503,
    234,
    35,
    824,
    1205,
    394,
    91,
    257,
    70,
    115,
    748,
    83,
    26,
    93,
    43,
    43,
    2497,
    36,
    17,
    98,
    104,
    4,
    57,
    1532,
    1759,
    5,
    741,
    4,
    88,
    6,
    35,
    796,
    36,
    5,
    23,
    60,
    44,
    2408,
    30,
    9,
    9,
    39,
    4,
    124,
    202,
    339,
    10,
    526,
    286,
    16,
    1,
    72,
    115,
    409,
    52,
    86,
    25,
    658,
    865,
    52,
    57,
    10,
    164,
    152,
    83,
    548,
    1269,
    44,
    662,
    73,
    2366,
    128,
    41,
    100,
    11,
    497,
    155,
    41,
    69,
    63,
    314,
    25,
    34,
    240,
    0,
    100,
    644,
    51,
    7909,
    152,
    211,
    832,
    27,
    241,
    229,
    297,
    87,
    13,
    12,
    22,
    94,
    103,
    301,
    18,
    111,
    578,
    25,
    1682,
    185,
    3,
    62,
    598,
    15,
    10767,
    115,
    9,
    919,
    162,
    2015,
    37,
    30,
    69,
    1366,
    48,
    5,
    70,
    197,
    98,
    73,
    18,
    826,
    239,
    24,
    18,
    287,
    28,
    83,
    966,
    10,
    188,
    811,
    30,
    242,
    270,
    40,
    113,
    14,
    25,
    83,
    4,
    323,
    223,
    35,
    10,
    21,
    13,
    40,
    676,
    111,
    50,
    26,
    48,
    24,
    311,
    45,
    48,
    2,
    26,
    2879,
    6,
    587,
    396,
    250,
    110,
    7,
    369,
    3,
    89,
    24,
    34,
    17,
    51,
    35,
    0,
    57,
    47,
    14,
    1407,
    30,
    24,
    53,
    142,
    69,
    274,
    84,
    101,
    34,
    123,
    21,
    191,
    38,
    110,
    1,
    842,
    11,
    1559,
    590,
    850,
    787,
    147,
    257,
    295,
    279,
    2120,
    127,
    10,
    556,
    200,
    334,
    11,
    23,
    67,
    65,
    14,
    5,
    373,
    5526,
    6,
    153,
    178,
    4,
    573,
    11,
    2573,
    713,
    27,
    23,
    57,
    1276,
    138,
    216,
    12,
    148,
    135,
    34,
    275,
    75,
    489,
    1,
    264,
    209,
    3,
    1547,
    343,
    21,
    130,
    1432,
    91,
    163,
    922,
    902,
    47,
    96,
    1005,
    191,
    589,
    143,
    579,
    21,
    11,
    117,
    69,
    16,
    864,
    47,
    221,
    207,
    341,
    58,
    36,
    186,
    171,
    26,
    37,
    188,
    852,
    65,
    0,
    105,
    175,
    33,
    66,
    89,
    39,
    319,
    133,
    476
  ],
  "intervention_topk": [
    [
      1,
      0.6938202247191011
    ],
    [
      2,
      0.8286516853932584
    ],
    [
      3,
      0.8820224719101124
    ]
  ],
  "intervention_rank_list": [
    28,
    0,
    2,
    0,
    0,
    0,
    0,
    0,
    0,
    0,
    0,
    0,
    7,
    0,
    0,
    0,
    0,
    0,
    0,
    2,
    0,
    0,
    0,
    0,
    0,
    1,
    0,
    0,
    0,
    4,
    2,
    0,
    1,
    0,
    0,
    0,
    2,
    189,
    0,
    17,
    0,
    7,
    0,
    0,
    0,
    1,
    0,
    0,
    1,
    0,
    0,
    0,
    0,
    2,
    0,
    0,
    0,
    0,
    0,
    1,
    2,
    5,
    2,
    1,
    1,
    0,
    0,
    0,
    0,
    4,
    0,
    0,
    0,
    0,
    0,
    1,
    0,
    0,
    1,
    0,
    1,
    0,
    290,
    3,
    0,
    1,
    0,
    0,
    0,
    0,
    1,
    1,
    0,
    0,
    0,
    0,
    3,
    0,
    0,
    0,
    0,
    0,
    0,
    0,
    0,
    0,
    0,
    1,
    0,
    0,
    0,
    0,
    3,
    0,
    0,
    0,
    2,
    4,
    1,
    0,
    0,
    2,
    2,
    0,
    3,
    0,
    1,
    0,
    1,
    27,
    1,
    0,
    0,
    1,
    0,
    1,
    0,
    0,
    0,
    0,
    0,
    1,
    1,
    0,
    0,
    2,
    0,
    15,
    1,
    2,
    4,
    0,
    1,
    0,
    0,
    1,
    0,
    0,
    0,
    0,
    0,
    0,
    0,
    0,
    0,
    0,
    2,
    0,
    0,
    0,
    1,
    0,
    3345,
    1,
    0,
    3,
    0,
    74,
    0,
    0,
    0,
    3,
    4,
    0,
    1,
    0,
    0,
    0,
    0,
    13,
    0,
    0,
    0,
    1,
    0,
    0,
    0,
    0,
    3,
    5,
    0,
    0,
    0,
    0,
    0,
    0,
    0,
    0,
    0,
    0,
    0,
    1,
    0,
    0,
    0,
    0,
    1,
    0,
    0,
    0,
    0,
    0,
    0,
    0,
    2,
    0,
    0,
    0,
    0,
    3,
    0,
    0,
    0,
    0,
    0,
    0,
    0,
    0,
    0,
    0,
    1,
    0,
    0,
    1,
    0,
    0,
    140,
    0,
    0,
    0,
    1,
    0,
    1,
    3,
    0,
    0,
    9,
    0,
    0,
    0,
    0,
    0,
    11,
    0,
    1087,
    6,
    0,
    2,
    0,
    0,
    0,
    1,
    26,
    0,
    0,
    0,
    2,
    3,
    0,
    0,
    1,
    0,
    1,
    0,
    0,
    19,
    0,
    0,
    0,
    0,
    9,
    0,
    2,
    0,
    0,
    1,
    0,
    130,
    0,
    1,
    0,
    3,
    0,
    0,
    0,
    0,
    0,
    0,
    1,
    27,
    0,
    0,
    7,
    2,
    0,
    1,
    0,
    0,
    7,
    1,
    0,
    0,
    0,
    0,
    5,
    0,
    0,
    0,
    0,
    1,
    0,
    0,
    0,
    1,
    0,
    0,
    0,
    0,
    0,
    0,
    1,
    0,
    2,
    1,
    1,
    0,
    0,
    0,
    0,
    0,
    0,
    0,
    0,
    0,
    0,
    0
  ]
}