{
  "clean_topk": [
    [
      1,
      0.0975609756097561
    ],
    [
      2,
      0.17073170731707318
    ],
    [
      3,
      0.17073170731707318
    ]
  ],
  "clean_rank_list": [
    95,
    4,
    34,
    3,
    38,
    22,
    1,
    96,
    4,
    40,
    14,
    221,
    199,
    0,
    0,
    8,
    5,
    17,
    11,
    29,
    84,
    27,
    0,
    63,
    21,
    1,
    13,
    21,
    163,
    181,
    0,
    27,
    3,
    1,
    17,
    5,
    7,
    21,
    196,
    60,
    37
  ],
  "intervention_topk": [
    [
      1,
      0.0
    ],
    [
      2,
      0.0
    ],
    [
      3,
      0.0
    ]
  ],
  "intervention_rank_list": [
    134,
    3,
    23,
    30,
    47,
    110,
    3,
    47,
    4,
    94,
    961,
    187,
    953,
    5,
    131,
    3,
    11,
    183,
    794,
    386,
    9,
    144,
    14,
    48,
    9,
    21,
    86,
    171,
    365,
    71,
    18,
    103,
    11,
    38,
    33,
    209,
    22,
    219,
    614,
    28,
    6
  ]
}