{
  "clean_topk": [
    [
      1,
      0.04878048780487805
    ],
    [
      2,
      0.04878048780487805
    ],
    [
      3,
      0.04878048780487805
    ]
  ],
  "clean_rank_list": [
    7,
    4,
    46,
    48,
    18,
    7,
    6,
    12,
    9,
    37,
    16,
    73,
    90,
    79,
    24,
    3,
    22,
    24,
    30,
    37,
    0,
    103,
    0,
    4,
    8,
    33,
    26,
    22,
    13,
    10,
    12,
    11,
    11,
    9,
    33,
    11,
    7,
    12,
    21,
    9,
    15
  ],
  "intervention_topk": [
    [
      1,
      0.0
    ],
    [
      2,
      0.0
    ],
    [
      3,
      0.0
    ]
  ],
  "intervention_rank_list": [
    53,
    115,
    651,
    764,
    50,
    76,
    27,
    71,
    381,
    348,
    363,
    127,
    167,
    130,
    442,
    10,
    24,
    119,
    932,
    246,
    6,
    310,
    7,
    35,
    89,
    59,
    247,
    81,
    302,
    29,
    32,
    347,
    13,
    81,
    103,
    426,
    28,
    93,
    201,
    77,
    142
  ]
}