{
  "0": {
    "clean_topk": [
      [
        1,
        0.041176470588235294
      ],
      [
        2,
        0.1588235294117647
      ],
      [
        3,
        0.23529411764705882
      ]
    ],
    "clean_rank_list": [
      5,
      12,
      5,
      7,
      9,
      4,
      11,
      17,
      29,
      6,
      10,
      2,
      9,
      18,
      11,
      19,
      4,
      6,
      1,
      2,
      6,
      6,
      9,
      4,
      13,
      7,
      4,
      2,
      5,
      7,
      22,
      1,
      5,
      7,
      0,
      4,
      6,
      6,
      3,
      18,
      1,
      35,
      7,
      6,
      4,
      3,
      0,
      1,
      6,
      11,
      2,
      14,
      11,
      30,
      17,
      9,
      8,
      33,
      3,
      1,
      11,
      1,
      3,
      18,
      6,
      5,
      3,
      6,
      13,
      10,
      34,
      6,
      5,
      8,
      1,
      0,
      5,
      2,
      9,
      9,
      44,
      14,
      6,
      1,
      6,
      12,
      2,
      6,
      0,
      2,
      2,
      4,
      8,
      1,
      3,
      5,
      7,
      0,
      29,
      2,
      5,
      4,
      23,
      1,
      23,
      21,
      5,
      12,
      7,
      10,
      0,
      0,
      3,
      1,
      20,
      3,
      24,
      4,
      9,
      9,
      9,
      2,
      3,
      1,
      21,
      35,
      13,
      32,
      1,
      7,
      1,
      7,
      11,
      1,
      5,
      3,
      1,
      59,
      4,
      2,
      4,
      4,
      14,
      6,
      2,
      28,
      23,
      7,
      30,
      1,
      6,
      21,
      11,
      1,
      41,
      15,
      7,
      16,
      10,
      9,
      2,
      9,
      9,
      17,
      10,
      1,
      1,
      59,
      6,
      6
    ],
    "clean_ppl": 47.480633287980616
  },
  "1": {
    "clean_topk": [
      [
        1,
        0.7235294117647059
      ],
      [
        2,
        0.9588235294117647
      ],
      [
        3,
        0.9882352941176471
      ]
    ],
    "clean_rank_list": [
      0,
      1,
      1,
      1,
      0,
      1,
      0,
      4,
      1,
      0,
      0,
      1,
      0,
      0,
      2,
      0,
      0,
      0,
      0,
      0,
      2,
      0,
      1,
      1,
      1,
      0,
      0,
      0,
      0,
      0,
      0,
      0,
      0,
      0,
      1,
      1,
      1,
      0,
      0,
      0,
      0,
      0,
      0,
      0,
      0,
      0,
      0,
      0,
      0,
      6,
      0,
      1,
      0,
      1,
      1,
      0,
      0,
      0,
      0,
      0,
      1,
      0,
      1,
      0,
      0,
      0,
      1,
      0,
      0,
      0,
      0,
      1,
      1,
      0,
      0,
      1,
      0,
      1,
      0,
      2,
      0,
      0,
      0,
      0,
      0,
      2,
      0,
      0,
      0,
      0,
      0,
      0,
      0,
      0,
      1,
      0,
      0,
      0,
      0,
      0,
      0,
      0,
      0,
      0,
      0,
      0,
      0,
      0,
      0,
      1,
      0,
      0,
      0,
      1,
      0,
      1,
      1,
      1,
      1,
      0,
      1,
      1,
      0,
      0,
      0,
      0,
      1,
      0,
      0,
      1,
      0,
      0,
      0,
      0,
      0,
      0,
      0,
      0,
      0,
      1,
      0,
      1,
      0,
      2,
      0,
      0,
      0,
      0,
      1,
      0,
      0,
      0,
      0,
      0,
      0,
      1,
      1,
      1,
      0,
      0,
      0,
      0,
      0,
      0,
      0,
      0,
      0,
      1,
      0,
      0
    ],
    "clean_ppl": 3.111680821560209
  },
  "2": {
    "clean_topk": [
      [
        1,
        0.9941176470588236
      ],
      [
        2,
        1.0
      ],
      [
        3,
        1.0
      ]
    ],
    "clean_rank_list": [
      0,
      1,
      0,
      0,
      0,
      0,
      0,
      0,
      0,
      0,
      0,
      0,
      0,
      0,
      0,
      0,
      0,
      0,
      0,
      0,
      0,
      0,
      0,
      0,
      0,
      0,
      0,
      0,
      0,
      0,
      0,
      0,
      0,
      0,
      0,
      0,
      0,
      0,
      0,
      0,
      0,
      0,
      0,
      0,
      0,
      0,
      0,
      0,
      0,
      0,
      0,
      0,
      0,
      0,
      0,
      0,
      0,
      0,
      0,
      0,
      0,
      0,
      0,
      0,
      0,
      0,
      0,
      0,
      0,
      0,
      0,
      0,
      0,
      0,
      0,
      0,
      0,
      0,
      0,
      0,
      0,
      0,
      0,
      0,
      0,
      0,
      0,
      0,
      0,
      0,
      0,
      0,
      0,
      0,
      0,
      0,
      0,
      0,
      0,
      0,
      0,
      0,
      0,
      0,
      0,
      0,
      0,
      0,
      0,
      0,
      0,
      0,
      0,
      0,
      0,
      0,
      0,
      0,
      0,
      0,
      0,
      0,
      0,
      0,
      0,
      0,
      0,
      0,
      0,
      0,
      0,
      0,
      0,
      0,
      0,
      0,
      0,
      0,
      0,
      0,
      0,
      0,
      0,
      0,
      0,
      0,
      0,
      0,
      0,
      0,
      0,
      0,
      0,
      0,
      0,
      0,
      0,
      0,
      0,
      0,
      0,
      0,
      0,
      0,
      0,
      0,
      0,
      0,
      0,
      0
    ],
    "clean_ppl": 1.1166236052461367
  },
  "3": {
    "clean_topk": [
      [
        1,
        1.0
      ],
      [
        2,
        1.0
      ],
      [
        3,
        1.0
      ]
    ],
    "clean_rank_list": [
      0,
      0,
      0,
      0,
      0,
      0,
      0,
      0,
      0,
      0,
      0,
      0,
      0,
      0,
      0,
      0,
      0,
      0,
      0,
      0,
      0,
      0,
      0,
      0,
      0,
      0,
      0,
      0,
      0,
      0,
      0,
      0,
      0,
      0,
      0,
      0,
      0,
      0,
      0,
      0,
      0,
      0,
      0,
      0,
      0,
      0,
      0,
      0,
      0,
      0,
      0,
      0,
      0,
      0,
      0,
      0,
      0,
      0,
      0,
      0,
      0,
      0,
      0,
      0,
      0,
      0,
      0,
      0,
      0,
      0,
      0,
      0,
      0,
      0,
      0,
      0,
      0,
      0,
      0,
      0,
      0,
      0,
      0,
      0,
      0,
      0,
      0,
      0,
      0,
      0,
      0,
      0,
      0,
      0,
      0,
      0,
      0,
      0,
      0,
      0,
      0,
      0,
      0,
      0,
      0,
      0,
      0,
      0,
      0,
      0,
      0,
      0,
      0,
      0,
      0,
      0,
      0,
      0,
      0,
      0,
      0,
      0,
      0,
      0,
      0,
      0,
      0,
      0,
      0,
      0,
      0,
      0,
      0,
      0,
      0,
      0,
      0,
      0,
      0,
      0,
      0,
      0,
      0,
      0,
      0,
      0,
      0,
      0,
      0,
      0,
      0,
      0,
      0,
      0,
      0,
      0,
      0,
      0,
      0,
      0,
      0,
      0,
      0,
      0,
      0,
      0,
      0,
      0,
      0,
      0
    ],
    "clean_ppl": 1.0522763236896278
  },
  "4": {
    "clean_topk": [
      [
        1,
        1.0
      ],
      [
        2,
        1.0
      ],
      [
        3,
        1.0
      ]
    ],