{
  "clean_topk": [
    [
      1,
      0.9534883720930233
    ],
    [
      2,
      0.9767441860465116
    ],
    [
      3,
      1.0
    ]
  ],
  "clean_rank_list": [
    0,
    2,
    0,
    0,
    0,
    0,
    0,
    0,
    0,
    0,
    0,
    0,
    1,
    0,
    0,
    0,
    0,
    0,
    0,
    0,
    0,
    0,
    0,
    0,
    0,
    0,
    0,
    0,
    0,
    0,
    0,
    0,
    0,
    0,
    0,
    0,
    0,
    0,
    0,
    0,
    0,
    0,
    0
  ],
  "clean_ppl": 1.8454884679978887
}