{
  "clean_topk": [
    [
      1,
      0.7063492063492064
    ],
    [
      2,
      0.8353174603174603
    ],
    [
      3,
      0.8849206349206349
    ]
  ],
  "clean_rank_list": [
    1,
    3,
    0,
    0,
    4,
    0,
    0,
    0,
    0,
    0,
    0,
    0,
    0,
    0,
    0,
    0,
    2,
    0,
    0,
    1,
    6,
    3,
    0,
    10,
    0,
    0,
    0,
    0,
    0,
    0,
    0,
    0,
    1,
    1,
    0,
    2,
    40,
    0,
    1,
    0,
    0,
    1,
    1,
    51,
    0,
    6,
    0,
    0,
    0,
    0,
    1,
    0,
    6,
    0,
    0,
    0,
    0,
    0,
    3,
    0,
    1,
    0,
    0,
    1,
    0,
    0,
    0,
    0,
    5,
    0,
    0,
    0,
    0,
    2,
    0,
    28,
    0,
    1,
    0,
    10,
    0,
    2,
    0,
    3,
    0,
    1,
    0,
    0,
    0,
    0,
    0,
    0,
    0,
    0,
    0,
    2,
    25,
    1,
    1,
    0,
    1,
    0,
    3,
    1,
    0,
    0,
    0,
    1,
    1,
    0,
    0,
    15,
    0,
    2,
    0,
    7,
    0,
    0,
    0,
    0,
    0,
    0,
    0,
    0,
    0,
    0,
    0,
    0,
    0,
    0,
    40,
    3,
    0,
    0,
    0,
    1,
    0,
    7,
    0,
    0,
    0,
    0,
    0,
    0,
    0,
    2,
    1,
    0,
    0,
    1,
    0,
    0,
    0,
    1,
    0,
    4,
    0,
    11,
    0,
    0,
    4,
    0,
    0,
    0,
    1,
    0,
    0,
    1,
    1,
    0,
    2,
    5,
    0,
    0,
    0,
    0,
    0,
    0,
    0,
    0,
    1,
    1,
    1,
    75,
    0,
    1,
    0,
    0,
    0,
    0,
    0,
    0,
    0,
    0,
    0,
    1,
    0,
    0,
    3,
    0,
    1,
    0,
    2,
    1,
    0,
    0,
    0,
    14,
    1,
    0,
    1,
    0,
    0,
    0,
    0,
    0,
    0,
    0,
    2,
    1,
    0,
    0,
    1,
    0,
    0,
    0,
    0,
    0,
    0,
    0,
    0,
    0,
    0,
    0,
    0,
    0,
    0,
    0,
    0,
    0,
    1,
    0,
    0,
    0,
    4,
    0,
    0,
    4,
    0,
    0,
    0,
    0,
    0,
    0,
    0,
    0,
    0,
    0,
    0,
    1,
    0,
    0,
    2,
    1,
    0,
    4,
    0,
    0,
    14,
    1,
    0,
    0,
    0,
    0,
    0,
    0,
    0,
    0,
    0,
    5,
    0,
    0,
    0,
    0,
    0,
    0,
    0,
    0,
    1,
    2,
    0,
    0,
    0,
    0,
    0,
    1,
    2,
    0,
    5,
    0,
    0,
    0,
    0,
    0,
    0,
    76,
    0,
    0,
    0,
    0,
    0,
    1,
    0,
    0,
    1,
    0,
    0,
    8,
    0,
    0,
    0,
    1,
    0,
    0,
    2,
    0,
    1,
    0,
    0,
    2,
    0,
    0,
    0,
    1,
    4,
    196,
    22,
    0,
    0,
    0,
    0,
    0,
    0,
    0,
    0,
    0,
    0,
    0,
    0,
    0,
    0,
    0,
    5,
    0,
    0,
    0,
    0,
    2,
    0,
    0,
    0,
    0,
    1,
    2,
    0,
    0,
    0,
    0,
    0,
    0,
    0,
    0,
    0,
    2,
    0,
    1,
    1,
    1,
    1,
    0,
    0,
    0,
    0,
    0,
    0,
    0,
    0,
    9,
    0,
    0,
    0,
    0,
    57,
    0,
    0,
    0,
    0,
    0,
    0,
    0,
    3,
    1,
    0,
    0,
    0,
    0,
    4,
    0,
    1,
    0,
    2,
    0,
    0,
    1,
    1,
    0,
    0,
    0,
    0,
    0,
    0,
    0,
    0,
    1,
    0,
    1,
    0,
    0,
    1,
    0,
    0,
    2,
    0,
    2,
    0,
    1,
    0,
    0,
    0,
    1,
    0,
    0,
    0,
    0,
    2,
    3,
    0,
    0,
    0,
    0,
    0,
    6,
    0,
    0,
    0,
    0,
    0,
    7,
    1,
    0,
    0,
    4,
    15,
    0,
    1,
    2,
    0,
    0,
    2,
    3,
    0,
    57,
    0,
    0,
    3,
    0,
    1,
    1,
    8,
    0,
    10,
    33,
    0,
    39,
    0,
    0,
    0,
    0,
    0,
    0,
    0,
    0,
    0,
    3,
    0,
    0,
    0,
    0,
    0,
    0,
    0,
    0,
    3,
    2
  ],
  "clean_ppl": 18.953049552425085
}