{
  "clean_topk": [
    [
      1,
      0.3848314606741573
    ],
    [
      2,
      0.47191011235955055
    ],
    [
      3,
      0.5056179775280899
    ]
  ],
  "clean_rank_list": [
    0,
    241,
    1,
    0,
    837,
    1,
    0,
    0,
    0,
    1086,
    13,
    1,
    1106,
    0,
    23,
    0,
    0,
    983,
    101,
    23,
    0,
    5,
    0,
    0,
    7,
    4,
    0,
    0,
    0,
    1,
    30,
    3289,
    14,
    11,
    0,
    374,
    1,
    62,
    0,
    2,
    6,
    21,
    3,
    0,
    8,
    249,
    0,
    0,
    0,
    0,
    10,
    1,
    0,
    0,
    0,
    10,
    1,
    19,
    0,
    147,
    0,
    0,
    0,
    0,
    1,
    0,
    0,
    0,
    0,
    9,
    11,
    83,
    6,
    26,
    1,
    117,
    4,
    0,
    0,
    16,
    0,
    0,
    15,
    5,
    39,
    1,
    15,
    11,
    9,
    76,
    0,
    158,
    0,
    1,
    35,
    123,
    0,
    0,
    0,
    9,
    1530,
    1,
    65,
    0,
    25,
    65,
    14,
    6,
    1,
    0,
    0,
    6,
    0,
    0,
    0,
    430,
    28,
    0,
    60,
    0,
    0,
    0,
    25,
    12,
    31,
    2,
    3826,
    59,
    36,
    23,
    0,
    2,
    10,
    154,
    457,
    0,
    0,
    892,
    10,
    8,
    1,
    107,
    24,
    7,
    0,
    1,
    444,
    5,
    372,
    0,
    39,
    2,
    31,
    53,
    0,
    6,
    46,
    0,
    12,
    6,
    263,
    31,
    13,
    3,
    0,
    61,
    0,
    3,
    42,
    9,
    0,
    0,
    101,
    89,
    55,
    62,
    2,
    0,
    0,
    1363,
    1,
    456,
    892,
    0,
    12,
    432,
    3,
    0,
    1,
    0,
    1,
    1753,
    5,
    0,
    2,
    1,
    22,
    1,
    0,
    43,
    0,
    20,
    0,
    0,
    0,
    142,
    14,
    0,
    0,
    385,
    222,
    573,
    0,
    0,
    10,
    0,
    0,
    410,
    19,
    0,
    334,
    2,
    6,
    0,
    0,
    6,
    0,
    4,
    5,
    156,
    0,
    0,
    1906,
    387,
    301,
    0,
    11,
    0,
    0,
    36,
    0,
    93,
    0,
    0,
    0,
    36,
    0,
    43,
    462,
    9,
    18,
    152,
    94,
    2,
    159,
    3,
    445,
    0,
    1,
    55,
    0,
    5,
    0,
    0,
    0,
    83,
    1,
    1398,
    1,
    0,
    1,
    0,
    0,
    1,
    2,
    7,
    2,
    1,
    21,
    416,
    0,
    0,
    0,
    0,
    210,
    16,
    1,
    520,
    0,
    0,
    0,
    10,
    647,
    8,
    89,
    0,
    1,
    0,
    1197,
    25,
    1,
    0,
    2,
    9,
    10,
    1,
    0,
    0,
    0,
    0,
    4,
    45,
    2000,
    0,
    0,
    761,
    2,
    55,
    5,
    91,
    0,
    0,
    6,
    0,
    0,
    160,
    0,
    0,
    159,
    0,
    0,
    7,
    0,
    3,
    0,
    3,
    0,
    463,
    30,
    4,
    646,
    0,
    25,
    1748,
    0,
    0,
    1,
    1465,
    36,
    54,
    0,
    0,
    0,
    0,
    0,
    313
  ],
  "intervention_topk": [
    [
      1,
      0.19662921348314608
    ],
    [
      2,
      0.6376404494382022
    ],
    [
      3,
      0.7387640449438202
    ]
  ],
  "intervention_rank_list": [
    1,
    39,
    0,
    1,
    45,
    1,
    1,
    0,
    0,
    9,
    9,
    1,
    107,
    0,
    1,
    0,
    1,
    14,
    14,
    1,
    0,
    1,
    0,
    0,
    1,
    2,
    1,
    1,
    1,
    1,
    0,
    54,
    8,
    1,
    1,
    453,
    1,
    8,
    0,
    1,
    1,
    1,
    2,
    1,
    1,
    81,
    0,
    1,
    1,
    1,
    3,
    3,
    1,
    0,
    0,
    1,
    0,
    1,
    1,
    34,
    1,
    0,
    0,
    1,
    3,
    0,
    2,
    1,
    0,
    1,
    2,
    5,
    2,
    1,
    0,
    12,
    1,
    0,
    1,
    4,
    1,
    3,
    1,
    4,
    1,
    3,
    1,
    5,
    1,
    2,
    1,
    3,
    0,
    2,
    26,
    10,
    0,
    1,
    0,
    1,
    215,
    1,
    1,
    1,
    2,
    28,
    0,
    3,
    1,
    0,
    1,
    6,
    2,
    1,
    0,
    60,
    1,
    1,
    2,
    1,
    0,
    0,
    1,
    20,
    3,
    2,
    285,
    2,
    7,
    1,
    3,
    6,
    1,
    1,
    153,
    1,
    1,
    7,
    6,
    7,
    1,
    1,
    2,
    12,
    1,
    0,
    277,
    1,
    2,
    0,
    4,
    1,
    1,
    8,
    0,
    2,
    2,
    1,
    11,
    2,
    1,
    1,
    1,
    2,
    0,
    2,
    1,
    1,
    1,
    1,
    1,
    1,
    5,
    2,
    3,
    1,
    1,
    1,
    0,
    31,
    1,
    682,
    1,
    1,
    4,
    2,
    1,
    1,
    1,
    1,
    1,
    108,
    2,
    0,
    1,
    1,
    1,
    1,
    1,
    3,
    2,
    4,
    1,
    0,
    1,
    1,
    9,
    1,
    0,
    20,
    19,
    7,
    1,
    0,
    1,
    1,
    1,
    10,
    12,
    1,
    2,
    48,
    1,
    1,
    0,
    0,
    0,
    1,
    1,
    2,
    1,
    0,
    20,
    19,
    3,
    0,
    1,
    1,
    0,
    2,
    0,
    1,
    0,
    0,
    1,
    11,
    1,
    1,
    926,
    9,
    3,
    2,
    1,
    1,
    6,
    1,
    1,
    0,
    1,
    12,
    1,
    1,
    1,
    1,
    0,
    2,
    1,
    2390,
    2,
    0,
    0,
    1,
    0,
    2,
    2,
    6,
    1,
    1,
    1,
    3,
    0,
    1,
    1,
    0,
    91,
    1,
    1,
    9,
    1,
    1,
    0,
    1,
    283,
    1,
    7,
    0,
    2,
    1,
    124,
    1,
    1,
    1,
    1,
    6,
    1,
    1,
    0,
    0,
    0,
    0,
    2,
    12,
    10,
    0,
    1,
    3,
    3,
    2,
    0,
    3,
    3,
    0,
    4,
    0,
    1,
    2,
    0,
    0,
    1,
    0,
    1,
    1,
    2,
    1,
    1,
    1,
    0,
    3,
    1,
    1,
    52,
    1,
    6,
    382,
    1,
    0,
    1,
    22,
    4,
    1,
    1,
    1,
    1,
    0,
    0,
    48
  ]
}