{
  "clean_topk": [
    [
      1,
      0.0449438202247191
    ],
    [
      2,
      0.10112359550561797
    ],
    [
      3,
      0.12640449438202248
    ]
  ],
  "clean_rank_list": [
    15,
    265,
    0,
    44,
    36,
    577,
    46,
    4,
    37,
    57,
    778,
    121,
    15,
    162,
    0,
    53,
    36,
    21,
    126,
    8,
    6,
    41,
    8,
    32,
    11,
    415,
    5,
    73,
    37,
    130,
    0,
    179,
    94,
    865,
    0,
    56,
    26,
    3,
    7,
    54,
    14,
    378,
    149,
    1,
    249,
    835,
    25,
    2,
    5,
    216,
    56,
    1814,
    30,
    1,
    1,
    3,
    31,
    83,
    113,
    29,
    0,
    36,
    5,
    6,
    51,
    97,
    1880,
    104,
    37,
    16,
    56,
    247,
    64,
    4,
    11,
    98,
    9,
    25,
    141,
    7,
    0,
    88,
    16,
    4,
    50,
    3288,
    1963,
    990,
    6,
    31,
    1,
    8,
    0,
    26,
    17,
    4,
    1,
    6,
    11,
    9,
    347,
    0,
    3,
    2,
    15,
    281,
    1,
    26,
    0,
    14,
    14,
    3,
    12,
    59,
    20,
    0,
    17,
    7,
    338,
    38,
    7,
    21,
    32,
    1093,
    172,
    188,
    350,
    126,
    23,
    373,
    28,
    57,
    21,
    1192,
    144,
    29,
    225,
    18,
    4,
    818,
    92,
    49,
    14,
    62,
    8,
    6,
    155,
    0,
    39,
    33,
    807,
    77,
    28,
    77,
    8,
    377,
    24,
    42,
    39,
    160,
    12,
    6,
    1,
    166,
    9,
    56,
    7,
    13,
    19,
    40,
    5,
    6,
    11,
    77,
    115,
    8,
    2768,
    35,
    4,
    783,
    77,
    322,
    12,
    22,
    90,
    16,
    3,
    10,
    6,
    101,
    1,
    670,
    245,
    6,
    6,
    62,
    7,
    30,
    105,
    18,
    5,
    70,
    89,
    8,
    47,
    163,
    13,
    8,
    0,
    218,
    1,
    80,
    9,
    9,
    1,
    5,
    1,
    15,
    674,
    7,
    13,
    94,
    969,
    1,
    19,
    40,
    16,
    3,
    2,
    135,
    1,
    5,
    28,
    17,
    0,
    7,
    1,
    5,
    2,
    2,
    6,
    71,
    10,
    0,
    13,
    1501,
    7,
    8,
    1587,
    26,
    15,
    1,
    37,
    9,
    180,
    48,
    5,
    1358,
    2,
    85,
    3,
    7,
    3,
    47,
    1,
    142,
    23,
    3538,
    264,
    12,
    86,
    21,
    17,
    12,
    178,
    164,
    3,
    124,
    24,
    156,
    4,
    6,
    4,
    31,
    45,
    0,
    21,
    2163,
    1,
    64,
    15,
    1,
    732,
    2,
    833,
    5,
    24,
    4,
    1461,
    7,
    17,
    4,
    66,
    137,
    37,
    0,
    26,
    1,
    11,
    2,
    152,
    56,
    3,
    99,
    14,
    41,
    546,
    126,
    7,
    191,
    293,
    110,
    118,
    4,
    7,
    321,
    8,
    2,
    234,
    5,
    70,
    293,
    9,
    32,
    4,
    8,
    82,
    1736,
    106,
    10,
    48,
    530,
    178,
    1322,
    184,
    10,
    1,
    21,
    16,
    4,
    57,
    9,
    43,
    42,
    11,
    210
  ],
  "intervention_topk": [
    [
      1,
      0.449438202247191
    ],
    [
      2,
      0.5814606741573034
    ],
    [
      3,
      0.6264044943820225
    ]
  ],
  "intervention_rank_list": [
    1,
    15,
    0,
    3,
    2,
    4,
    1,
    0,
    0,
    3,
    19,
    5,
    0,
    13,
    0,
    1,
    1,
    1,
    9,
    0,
    0,
    4,
    0,
    7,
    1,
    4,
    1,
    9,
    0,
    3,
    0,
    38,
    14,
    119,
    0,
    8,
    6,
    0,
    0,
    3,
    0,
    32,
    1,
    0,
    3,
    192,
    0,
    1,
    0,
    62,
    1,
    176,
    0,
    0,
    0,
    0,
    0,
    0,
    4,
    2,
    0,
    1,
    0,
    0,
    5,
    9,
    107,
    3,
    1,
    0,
    0,
    9,
    7,
    0,
    1,
    4,
    0,
    0,
    17,
    0,
    0,
    14,
    0,
    1,
    5,
    1610,
    435,
    147,
    0,
    0,
    0,
    1,
    0,
    2,
    1,
    1,
    0,
    1,
    0,
    0,
    4,
    0,
    1,
    0,
    4,
    76,
    0,
    0,
    0,
    0,
    0,
    0,
    1,
    1,
    1,
    0,
    0,
    1,
    3,
    1,
    0,
    0,
    3,
    206,
    75,
    3,
    9,
    5,
    0,
    16,
    8,
    7,
    100,
    144,
    39,
    17,
    107,
    9,
    0,
    20,
    1,
    0,
    3,
    1,
    0,
    0,
    34,
    0,
    2,
    0,
    90,
    6,
    5,
    9,
    0,
    11,
    2,
    0,
    0,
    12,
    0,
    0,
    0,
    5,
    0,
    9,
    0,
    1,
    1,
    1,
    0,
    2,
    0,
    2,
    1,
    0,
    1383,
    5,
    0,
    39,
    3,
    7,
    0,
    0,
    8,
    0,
    0,
    0,
    0,
    6,
    0,
    18,
    7,
    0,
    0,
    1,
    0,
    1,
    1,
    0,
    1,
    8,
    6,
    0,
    1,
    1,
    1,
    0,
    0,
    4,
    0,
    14,
    0,
    2,
    0,
    0,
    0,
    1,
    23,
    2,
    2,
    47,
    125,
    0,
    5,
    0,
    0,
    0,
    0,
    0,
    0,
    0,
    0,
    0,
    0,
    0,
    0,
    0,
    0,
    0,
    0,
    5,
    0,
    0,
    4,
    71,
    0,
    0,
    727,
    2,
    0,
    0,
    5,
    5,
    25,
    10,
    0,
    188,
    1,
    9,
    0,
    0,
    0,
    0,
    0,
    3,
    5,
    1351,
    16,
    0,
    4,
    7,
    1,
    4,
    6,
    40,
    0,
    5,
    2,
    17,
    0,
    0,
    1,
    0,
    0,
    0,
    2,
    569,
    0,
    0,
    0,
    0,
    190,
    0,
    9,
    0,
    16,
    0,
    305,
    1,
    0,
    0,
    3,
    63,
    0,
    0,
    0,
    0,
    0,
    0,
    5,
    17,
    0,
    2,
    1,
    0,
    59,
    9,
    0,
    9,
    9,
    1,
    11,
    0,
    2,
    33,
    1,
    0,
    2,
    0,
    0,
    6,
    0,
    4,
    0,
    0,
    1,
    5,
    4,
    0,
    4,
    65,
    26,
    250,
    5,
    0,
    1,
    3,
    0,
    0,
    4,
    0,
    0,
    0,
    0,
    20
  ]
}