{
  "0": {
    "clean_topk": [
      [
        1,
        0.0
      ],
      [
        2,
        0.2529411764705882
      ],
      [
        3,
        0.37058823529411766
      ]
    ],
    "clean_rank_list": [
      5,
      6,
      1,
      1,
      6,
      9,
      1,
      6,
      13,
      1,
      6,
      2,
      4,
      7,
      8,
      4,
      1,
      5,
      3,
      6,
      2,
      4,
      1,
      4,
      7,
      6,
      5,
      5,
      6,
      7,
      3,
      1,
      3,
      6,
      1,
      6,
      2,
      1,
      3,
      9,
      5,
      11,
      4,
      1,
      2,
      3,
      1,
      1,
      4,
      2,
      1,
      10,
      10,
      12,
      6,
      5,
      4,
      15,
      4,
      1,
      7,
      1,
      2,
      18,
      7,
      1,
      4,
      2,
      1,
      9,
      4,
      14,
      1,
      1,
      3,
      1,
      1,
      2,
      22,
      34,
      6,
      7,
      2,
      3,
      4,
      5,
      1,
      2,
      4,
      1,
      5,
      1,
      2,
      10,
      3,
      2,
      10,
      2,
      8,
      1,
      5,
      6,
      9,
      1,
      4,
      8,
      3,
      4,
      3,
      5,
      1,
      1,
      5,
      2,
      6,
      5,
      2,
      1,
      6,
      10,
      7,
      1,
      3,
      1,
      2,
      4,
      7,
      9,
      4,
      4,
      1,
      1,
      3,
      2,
      3,
      2,
      1,
      9,
      6,
      1,
      6,
      1,
      1,
      6,
      4,
      4,
      3,
      3,
      8,
      1,
      2,
      6,
      8,
      4,
      3,
      3,
      1,
      4,
      15,
      4,
      1,
      6,
      42,
      1,
      4,
      1,
      4,
      1,
      2,
      6
    ],
    "clean_ppl": 24.75864751879141
  },
  "1": {
    "clean_topk": [
      [
        1,
        0.8941176470588236
      ],
      [
        2,
        1.0
      ],
      [
        3,
        1.0
      ]
    ],
    "clean_rank_list": [
      1,
      0,
      0,
      0,
      0,
      1,
      1,
      1,
      1,
      0,
      0,
      0,
      0,
      0,
      0,
      0,
      0,
      0,
      0,
      1,
      0,
      0,
      0,
      0,
      0,
      0,
      0,
      0,
      0,
      0,
      0,
      0,
      1,
      0,
      0,
      1,
      0,
      0,
      0,
      0,
      0,
      1,
      0,
      0,
      0,
      0,
      0,
      0,
      0,
      0,
      0,
      0,
      0,
      1,
      0,
      0,
      0,
      0,
      0,
      0,
      0,
      0,
      1,
      0,
      0,
      0,
      0,
      0,
      0,
      1,
      0,
      0,
      0,
      0,
      0,
      0,
      0,
      1,
      0,
      0,
      0,
      0,
      0,
      0,
      0,
      0,
      0,
      0,
      0,
      0,
      0,
      0,
      0,
      0,
      0,
      0,
      0,
      0,
      0,
      0,
      0,
      0,
      0,
      0,
      0,
      0,
      0,
      0,
      0,
      0,
      0,
      0,
      0,
      0,
      0,
      0,
      0,
      0,
      1,
      0,
      0,
      0,
      0,
      0,
      0,
      0,
      0,
      0,
      1,
      0,
      0,
      0,
      0,
      0,
      0,
      0,
      0,
      0,
      0,
      0,
      0,
      0,
      0,
      0,
      0,
      0,
      0,
      0,
      0,
      0,
      0,
      0,
      0,
      0,
      0,
      0,
      0,
      0,
      1,
      0,
      1,
      0,
      0,
      0,
      0,
      0,
      0,
      0,
      0,
      1
    ],
    "clean_ppl": 1.8614253181744376
  },
  "2": {
    "clean_topk": [
      [
        1,
        1.0
      ],
      [
        2,
        1.0
      ],
      [
        3,
        1.0
      ]
    ],
    "clean_rank_list": [
      0,
      0,
      0,
      0,
      0,
      0,
      0,
      0,
      0,
      0,
      0,
      0,
      0,
      0,
      0,
      0,
      0,
      0,
      0,
      0,
      0,
      0,
      0,
      0,
      0,
      0,
      0,
      0,
      0,
      0,
      0,
      0,
      0,
      0,
      0,
      0,
      0,
      0,
      0,
      0,
      0,
      0,
      0,
      0,
      0,
      0,
      0,
      0,
      0,
      0,
      0,
      0,
      0,
      0,
      0,
      0,
      0,
      0,
      0,
      0,
      0,
      0,
      0,
      0,
      0,
      0,
      0,
      0,
      0,
      0,
      0,
      0,
      0,
      0,
      0,
      0,
      0,
      0,
      0,
      0,
      0,
      0,
      0,
      0,
      0,
      0,
      0,
      0,
      0,
      0,
      0,
      0,
      0,
      0,
      0,
      0,
      0,
      0,
      0,
      0,
      0,
      0,
      0,
      0,
      0,
      0,
      0,
      0,
      0,
      0,
      0,
      0,
      0,
      0,
      0,
      0,
      0,
      0,
      0,
      0,
      0,
      0,
      0,
      0,
      0,
      0,
      0,
      0,
      0,
      0,
      0,
      0,
      0,
      0,
      0,
      0,
      0,
      0,
      0,
      0,
      0,
      0,
      0,
      0,
      0,
      0,
      0,
      0,
      0,
      0,
      0,
      0,
      0,
      0,
      0,
      0,
      0,
      0,
      0,
      0,
      0,
      0,
      0,
      0,
      0,
      0,
      0,
      0,
      0,
      0
    ],
    "clean_ppl": 1.1519418737630593
  },
  "3": {
    "clean_topk": [
      [
        1,
        1.0
      ],
      [
        2,
        1.0
      ],
      [
        3,
        1.0
      ]
    ],
    "clean_rank_list": [
      0,
      0,
      0,
      0,
      0,
      0,
      0,
      0,
      0,
      0,
      0,
      0,
      0,
      0,
      0,
      0,
      0,
      0,
      0,
      0,
      0,
      0,
      0,
      0,
      0,
      0,
      0,
      0,
      0,
      0,
      0,
      0,
      0,
      0,
      0,
      0,
      0,
      0,
      0,
      0,
      0,
      0,
      0,
      0,
      0,
      0,
      0,
      0,
      0,
      0,
      0,
      0,
      0,
      0,
      0,
      0,
      0,
      0,
      0,
      0,
      0,
      0,
      0,
      0,
      0,
      0,
      0,
      0,
      0,
      0,
      0,
      0,
      0,
      0,
      0,
      0,
      0,
      0,
      0,
      0,
      0,
      0,
      0,
      0,
      0,
      0,
      0,
      0,
      0,
      0,
      0,
      0,
      0,
      0,
      0,
      0,
      0,
      0,
      0,
      0,
      0,
      0,
      0,
      0,
      0,
      0,
      0,
      0,
      0,
      0,
      0,
      0,
      0,
      0,
      0,
      0,
      0,
      0,
      0,
      0,
      0,
      0,
      0,
      0,
      0,
      0,
      0,
      0,
      0,
      0,
      0,
      0,
      0,
      0,
      0,
      0,
      0,
      0,
      0,
      0,
      0,
      0,
      0,
      0,
      0,
      0,
      0,
      0,
      0,
      0,
      0,
      0,
      0,
      0,
      0,
      0,
      0,
      0,
      0,
      0,
      0,
      0,
      0,
      0,
      0,
      0,
      0,
      0,
      0,
      0
    ],
    "clean_ppl": 1.0691209064192602
  },
  "4": {
    "clean_topk": [
      [
        1,
        1.0
      ],
      [
        2,
        1.0
      ],
      [
        3,
        1.0
      ]
    ],