{
  "clean_topk": [
    [
      1,
      0.0975609756097561
    ],
    [
      2,
      0.17073170731707318
    ],
    [
      3,
      0.17073170731707318
    ]
  ],
  "clean_rank_list": [
    95,
    4,
    34,
    3,
    38,
    22,
    1,
    96,
    4,
    40,
    14,
    221,
    199,
    0,
    0,
    8,
    5,
    17,
    11,
    29,
    84,
    27,
    0,
    63,
    21,
    1,
    13,
    21,
    163,
    181,
    0,
    27,
    3,
    1,
    17,
    5,
    7,
    21,
    196,
    60,
    37
  ],
  "intervention_topk": [
    [
      1,
      0.17073170731707318
    ],
    [
      2,
      0.17073170731707318
    ],
    [
      3,
      0.17073170731707318
    ]
  ],
  "intervention_rank_list": [
    86,
    0,
    4,
    6,
    26,
    15,
    0,
    74,
    5,
    23,
    268,
    226,
    136,
    0,
    0,
    11,
    25,
    3,
    9,
    0,
    12,
    65,
    9,
    53,
    16,
    0,
    41,
    38,
    310,
    191,
    5,
    4,
    7,
    0,
    212,
    8,
    22,
    3,
    374,
    60,
    93
  ]
}