{
  "clean_topk": [
    [
      1,
      0.04878048780487805
    ],
    [
      2,
      0.04878048780487805
    ],
    [
      3,
      0.04878048780487805
    ]
  ],
  "clean_rank_list": [
    7,
    4,
    46,
    48,
    18,
    7,
    6,
    12,
    9,
    37,
    16,
    73,
    90,
    79,
    24,
    3,
    22,
    24,
    30,
    37,
    0,
    103,
    0,
    4,
    8,
    33,
    26,
    22,
    13,
    10,
    12,
    11,
    11,
    9,
    33,
    11,
    7,
    12,
    21,
    9,
    15
  ],
  "intervention_topk": [
    [
      1,
      0.04878048780487805
    ],
    [
      2,
      0.04878048780487805
    ],
    [
      3,
      0.04878048780487805
    ]
  ],
  "intervention_rank_list": [
    13,
    12,
    62,
    86,
    34,
    45,
    19,
    27,
    13,
    44,
    43,
    88,
    381,
    30,
    75,
    4,
    33,
    21,
    62,
    55,
    0,
    148,
    0,
    18,
    25,
    46,
    53,
    30,
    37,
    22,
    24,
    22,
    27,
    25,
    80,
    46,
    22,
    15,
    126,
    11,
    25
  ]
}