{
  "clean_topk": [
    [
      1,
      0.16666666666666666
    ],
    [
      2,
      0.21428571428571427
    ],
    [
      3,
      0.21428571428571427
    ]
  ],
  "clean_rank_list": [
    153,
    10,
    45,
    4,
    4,
    5,
    44,
    461,
    107,
    0,
    47,
    3,
    61,
    62,
    24,
    142,
    1,
    0,
    4,
    17,
    34,
    15,
    0,
    186,
    0,
    18,
    47,
    8,
    1,
    23,
    114,
    0,
    0,
    0,
    16,
    40,
    16,
    14,
    42,
    57,
    7,
    59
  ],
  "intervention_topk": [
    [
      1,
      0.11904761904761904
    ],
    [
      2,
      0.16666666666666666
    ],
    [
      3,
      0.23809523809523808
    ]
  ],
  "intervention_rank_list": [
    188,
    12,
    53,
    3,
    21,
    12,
    89,
    42,
    75,
    0,
    14,
    36,
    153,
    210,
    0,
    25,
    0,
    0,
    4,
    33,
    12,
    21,
    2,
    19,
    8,
    6,
    20,
    14,
    3,
    2,
    89,
    1,
    0,
    6,
    2,
    27,
    11,
    48,
    35,
    21,
    1,
    56
  ]
}