{
  "clean_topk": [
    [
      1,
      0.3848314606741573
    ],
    [
      2,
      0.47191011235955055
    ],
    [
      3,
      0.5056179775280899
    ]
  ],
  "clean_rank_list": [
    0,
    241,
    1,
    0,
    837,
    1,
    0,
    0,
    0,
    1086,
    13,
    1,
    1106,
    0,
    23,
    0,
    0,
    983,
    101,
    23,
    0,
    5,
    0,
    0,
    7,
    4,
    0,
    0,
    0,
    1,
    30,
    3289,
    14,
    11,
    0,
    374,
    1,
    62,
    0,
    2,
    6,
    21,
    3,
    0,
    8,
    249,
    0,
    0,
    0,
    0,
    10,
    1,
    0,
    0,
    0,
    10,
    1,
    19,
    0,
    147,
    0,
    0,
    0,
    0,
    1,
    0,
    0,
    0,
    0,
    9,
    11,
    83,
    6,
    26,
    1,
    117,
    4,
    0,
    0,
    16,
    0,
    0,
    15,
    5,
    39,
    1,
    15,
    11,
    9,
    76,
    0,
    158,
    0,
    1,
    35,
    123,
    0,
    0,
    0,
    9,
    1530,
    1,
    65,
    0,
    25,
    65,
    14,
    6,
    1,
    0,
    0,
    6,
    0,
    0,
    0,
    430,
    28,
    0,
    60,
    0,
    0,
    0,
    25,
    12,
    31,
    2,
    3826,
    59,
    36,
    23,
    0,
    2,
    10,
    154,
    457,
    0,
    0,
    892,
    10,
    8,
    1,
    107,
    24,
    7,
    0,
    1,
    444,
    5,
    372,
    0,
    39,
    2,
    31,
    53,
    0,
    6,
    46,
    0,
    12,
    6,
    263,
    31,
    13,
    3,
    0,
    61,
    0,
    3,
    42,
    9,
    0,
    0,
    101,
    89,
    55,
    62,
    2,
    0,
    0,
    1363,
    1,
    456,
    892,
    0,
    12,
    432,
    3,
    0,
    1,
    0,
    1,
    1753,
    5,
    0,
    2,
    1,
    22,
    1,
    0,
    43,
    0,
    20,
    0,
    0,
    0,
    142,
    14,
    0,
    0,
    385,
    222,
    573,
    0,
    0,
    10,
    0,
    0,
    410,
    19,
    0,
    334,
    2,
    6,
    0,
    0,
    6,
    0,
    4,
    5,
    156,
    0,
    0,
    1906,
    387,
    301,
    0,
    11,
    0,
    0,
    36,
    0,
    93,
    0,
    0,
    0,
    36,
    0,
    43,
    462,
    9,
    18,
    152,
    94,
    2,
    159,
    3,
    445,
    0,
    1,
    55,
    0,
    5,
    0,
    0,
    0,
    83,
    1,
    1398,
    1,
    0,
    1,
    0,
    0,
    1,
    2,
    7,
    2,
    1,
    21,
    416,
    0,
    0,
    0,
    0,
    210,
    16,
    1,
    520,
    0,
    0,
    0,
    10,
    647,
    8,
    89,
    0,
    1,
    0,
    1197,
    25,
    1,
    0,
    2,
    9,
    10,
    1,
    0,
    0,
    0,
    0,
    4,
    45,
    2000,
    0,
    0,
    761,
    2,
    55,
    5,
    91,
    0,
    0,
    6,
    0,
    0,
    160,
    0,
    0,
    159,
    0,
    0,
    7,
    0,
    3,
    0,
    3,
    0,
    463,
    30,
    4,
    646,
    0,
    25,
    1748,
    0,
    0,
    1,
    1465,
    36,
    54,
    0,
    0,
    0,
    0,
    0,
    313
  ],
  "intervention_topk": [
    [
      1,
      0.5056179775280899
    ],
    [
      2,
      0.6207865168539326
    ],
    [
      3,
      0.6685393258426966
    ]
  ],
  "intervention_rank_list": [
    0,
    112,
    0,
    0,
    268,
    0,
    0,
    0,
    1,
    678,
    12,
    0,
    371,
    0,
    5,
    0,
    0,
    249,
    75,
    1,
    0,
    0,
    0,
    0,
    1,
    1,
    0,
    0,
    0,
    0,
    4,
    2623,
    4,
    11,
    0,
    42,
    1,
    9,
    0,
    1,
    0,
    5,
    0,
    0,
    3,
    40,
    0,
    0,
    0,
    0,
    2,
    1,
    0,
    0,
    0,
    1,
    0,
    0,
    0,
    30,
    0,
    0,
    0,
    0,
    1,
    0,
    0,
    0,
    0,
    1,
    1,
    7,
    3,
    4,
    0,
    44,
    2,
    0,
    0,
    6,
    0,
    0,
    2,
    3,
    6,
    1,
    0,
    5,
    0,
    16,
    0,
    17,
    0,
    1,
    32,
    31,
    0,
    0,
    0,
    0,
    1018,
    0,
    3,
    0,
    5,
    32,
    0,
    3,
    0,
    0,
    0,
    0,
    0,
    0,
    0,
    122,
    2,
    0,
    14,
    0,
    0,
    0,
    3,
    11,
    13,
    0,
    2773,
    14,
    14,
    4,
    0,
    1,
    2,
    16,
    60,
    0,
    0,
    356,
    4,
    2,
    1,
    11,
    2,
    0,
    0,
    0,
    248,
    0,
    19,
    0,
    14,
    1,
    6,
    5,
    0,
    1,
    2,
    0,
    8,
    1,
    81,
    3,
    3,
    2,
    0,
    30,
    0,
    1,
    0,
    1,
    0,
    0,
    2,
    31,
    7,
    14,
    1,
    0,
    0,
    763,
    1,
    405,
    90,
    0,
    2,
    131,
    2,
    0,
    1,
    0,
    1,
    908,
    0,
    0,
    0,
    1,
    0,
    1,
    0,
    7,
    0,
    3,
    0,
    0,
    0,
    33,
    9,
    0,
    0,
    297,
    124,
    46,
    0,
    0,
    2,
    0,
    0,
    164,
    10,
    0,
    0,
    1,
    3,
    0,
    0,
    0,
    0,
    0,
    0,
    5,
    0,
    0,
    1293,
    138,
    70,
    0,
    2,
    0,
    0,
    1,
    0,
    7,
    0,
    0,
    0,
    12,
    0,
    1,
    58,
    5,
    4,
    16,
    3,
    0,
    58,
    0,
    76,
    0,
    0,
    10,
    0,
    1,
    0,
    0,
    0,
    11,
    1,
    823,
    1,
    0,
    0,
    0,
    0,
    0,
    1,
    0,
    0,
    1,
    6,
    69,
    0,
    0,
    0,
    0,
    152,
    1,
    0,
    52,
    0,
    0,
    0,
    2,
    455,
    1,
    116,
    0,
    1,
    0,
    657,
    3,
    0,
    0,
    1,
    4,
    2,
    0,
    0,
    0,
    0,
    0,
    1,
    18,
    1171,
    0,
    0,
    181,
    1,
    8,
    0,
    28,
    0,
    0,
    1,
    0,
    0,
    3,
    0,
    0,
    128,
    0,
    0,
    2,
    0,
    0,
    0,
    0,
    0,
    274,
    17,
    0,
    268,
    0,
    4,
    1232,
    0,
    0,
    0,
    661,
    15,
    22,
    0,
    0,
    0,
    0,
    0,
    170
  ]
}