{
  "clean_topk": [
    [
      1,
      0.0449438202247191
    ],
    [
      2,
      0.10112359550561797
    ],
    [
      3,
      0.12640449438202248
    ]
  ],
  "clean_rank_list": [
    15,
    265,
    0,
    44,
    36,
    577,
    46,
    4,
    37,
    57,
    778,
    121,
    15,
    162,
    0,
    53,
    36,
    21,
    126,
    8,
    6,
    41,
    8,
    32,
    11,
    415,
    5,
    73,
    37,
    130,
    0,
    179,
    94,
    865,
    0,
    56,
    26,
    3,
    7,
    54,
    14,
    378,
    149,
    1,
    249,
    835,
    25,
    2,
    5,
    216,
    56,
    1814,
    30,
    1,
    1,
    3,
    31,
    83,
    113,
    29,
    0,
    36,
    5,
    6,
    51,
    97,
    1880,
    104,
    37,
    16,
    56,
    247,
    64,
    4,
    11,
    98,
    9,
    25,
    141,
    7,
    0,
    88,
    16,
    4,
    50,
    3288,
    1963,
    990,
    6,
    31,
    1,
    8,
    0,
    26,
    17,
    4,
    1,
    6,
    11,
    9,
    347,
    0,
    3,
    2,
    15,
    281,
    1,
    26,
    0,
    14,
    14,
    3,
    12,
    59,
    20,
    0,
    17,
    7,
    338,
    38,
    7,
    21,
    32,
    1093,
    172,
    188,
    350,
    126,
    23,
    373,
    28,
    57,
    21,
    1192,
    144,
    29,
    225,
    18,
    4,
    818,
    92,
    49,
    14,
    62,
    8,
    6,
    155,
    0,
    39,
    33,
    807,
    77,
    28,
    77,
    8,
    377,
    24,
    42,
    39,
    160,
    12,
    6,
    1,
    166,
    9,
    56,
    7,
    13,
    19,
    40,
    5,
    6,
    11,
    77,
    115,
    8,
    2768,
    35,
    4,
    783,
    77,
    322,
    12,
    22,
    90,
    16,
    3,
    10,
    6,
    101,
    1,
    670,
    245,
    6,
    6,
    62,
    7,
    30,
    105,
    18,
    5,
    70,
    89,
    8,
    47,
    163,
    13,
    8,
    0,
    218,
    1,
    80,
    9,
    9,
    1,
    5,
    1,
    15,
    674,
    7,
    13,
    94,
    969,
    1,
    19,
    40,
    16,
    3,
    2,
    135,
    1,
    5,
    28,
    17,
    0,
    7,
    1,
    5,
    2,
    2,
    6,
    71,
    10,
    0,
    13,
    1501,
    7,
    8,
    1587,
    26,
    15,
    1,
    37,
    9,
    180,
    48,
    5,
    1358,
    2,
    85,
    3,
    7,
    3,
    47,
    1,
    142,
    23,
    3538,
    264,
    12,
    86,
    21,
    17,
    12,
    178,
    164,
    3,
    124,
    24,
    156,
    4,
    6,
    4,
    31,
    45,
    0,
    21,
    2163,
    1,
    64,
    15,
    1,
    732,
    2,
    833,
    5,
    24,
    4,
    1461,
    7,
    17,
    4,
    66,
    137,
    37,
    0,
    26,
    1,
    11,
    2,
    152,
    56,
    3,
    99,
    14,
    41,
    546,
    126,
    7,
    191,
    293,
    110,
    118,
    4,
    7,
    321,
    8,
    2,
    234,
    5,
    70,
    293,
    9,
    32,
    4,
    8,
    82,
    1736,
    106,
    10,
    48,
    530,
    178,
    1322,
    184,
    10,
    1,
    21,
    16,
    4,
    57,
    9,
    43,
    42,
    11,
    210
  ],
  "intervention_topk": [
    [
      1,
      0.09269662921348315
    ],
    [
      2,
      0.2247191011235955
    ],
    [
      3,
      0.2752808988764045
    ]
  ],
  "intervention_rank_list": [
    10,
    172,
    0,
    11,
    13,
    235,
    12,
    2,
    17,
    21,
    327,
    67,
    6,
    71,
    0,
    23,
    28,
    11,
    55,
    4,
    2,
    13,
    1,
    15,
    7,
    163,
    2,
    38,
    17,
    49,
    0,
    142,
    48,
    548,
    0,
    23,
    17,
    1,
    3,
    34,
    5,
    224,
    62,
    0,
    129,
    472,
    13,
    2,
    1,
    166,
    19,
    665,
    16,
    1,
    1,
    2,
    13,
    22,
    49,
    10,
    0,
    16,
    1,
    1,
    24,
    40,
    1040,
    55,
    18,
    5,
    27,
    133,
    39,
    2,
    5,
    52,
    3,
    11,
    61,
    2,
    0,
    62,
    5,
    3,
    26,
    3120,
    1486,
    769,
    1,
    9,
    0,
    3,
    0,
    10,
    7,
    2,
    0,
    3,
    6,
    3,
    149,
    0,
    1,
    1,
    4,
    209,
    0,
    9,
    0,
    4,
    7,
    1,
    6,
    23,
    7,
    0,
    5,
    1,
    132,
    33,
    2,
    8,
    13,
    585,
    193,
    88,
    156,
    78,
    7,
    203,
    13,
    22,
    8,
    634,
    98,
    21,
    143,
    12,
    1,
    650,
    35,
    20,
    7,
    25,
    2,
    1,
    93,
    0,
    12,
    16,
    541,
    39,
    12,
    46,
    3,
    199,
    10,
    11,
    19,
    103,
    7,
    2,
    0,
    97,
    1,
    15,
    1,
    10,
    9,
    14,
    0,
    4,
    5,
    30,
    77,
    2,
    2505,
    15,
    0,
    568,
    34,
    166,
    5,
    8,
    46,
    7,
    1,
    5,
    1,
    48,
    1,
    561,
    135,
    4,
    3,
    28,
    3,
    13,
    31,
    6,
    3,
    33,
    27,
    5,
    22,
    76,
    6,
    1,
    0,
    84,
    0,
    39,
    5,
    4,
    1,
    3,
    1,
    5,
    351,
    4,
    6,
    64,
    448,
    0,
    7,
    19,
    8,
    1,
    0,
    28,
    0,
    1,
    5,
    9,
    0,
    1,
    1,
    1,
    0,
    0,
    1,
    27,
    8,
    0,
    6,
    803,
    1,
    5,
    1236,
    10,
    7,
    1,
    8,
    5,
    142,
    16,
    1,
    901,
    1,
    66,
    1,
    2,
    1,
    20,
    0,
    62,
    15,
    2836,
    175,
    7,
    42,
    12,
    8,
    9,
    65,
    95,
    1,
    66,
    8,
    66,
    1,
    2,
    3,
    8,
    14,
    0,
    17,
    1659,
    0,
    25,
    5,
    0,
    546,
    1,
    570,
    3,
    18,
    1,
    1172,
    4,
    8,
    1,
    46,
    80,
    12,
    0,
    9,
    0,
    3,
    1,
    106,
    42,
    1,
    40,
    11,
    13,
    317,
    49,
    2,
    128,
    167,
    42,
    62,
    1,
    6,
    131,
    6,
    1,
    126,
    1,
    21,
    164,
    3,
    20,
    1,
    2,
    33,
    610,
    39,
    2,
    18,
    332,
    109,
    612,
    114,
    3,
    1,
    13,
    7,
    1,
    24,
    4,
    20,
    17,
    2,
    126
  ]
}