{
  "clean_topk": [
    [
      1,
      0.9767441860465116
    ],
    [
      2,
      0.9767441860465116
    ],
    [
      3,
      0.9767441860465116
    ]
  ],
  "clean_rank_list": [
    0,
    4,
    0,
    0,
    0,
    0,
    0,
    0,
    0,
    0,
    0,
    0,
    0,
    0,
    0,
    0,
    0,
    0,
    0,
    0,
    0,
    0,
    0,
    0,
    0,
    0,
    0,
    0,
    0,
    0,
    0,
    0,
    0,
    0,
    0,
    0,
    0,
    0,
    0,
    0,
    0,
    0,
    0
  ],
  "clean_ppl": 1.5257371970259992
}