{
  "clean_topk": [
    [
      1,
      0.0449438202247191
    ],
    [
      2,
      0.10112359550561797
    ],
    [
      3,
      0.12640449438202248
    ]
  ],
  "clean_rank_list": [
    15,
    265,
    0,
    44,
    36,
    577,
    46,
    4,
    37,
    57,
    778,
    121,
    15,
    162,
    0,
    53,
    36,
    21,
    126,
    8,
    6,
    41,
    8,
    32,
    11,
    415,
    5,
    73,
    37,
    130,
    0,
    179,
    94,
    865,
    0,
    56,
    26,
    3,
    7,
    54,
    14,
    378,
    149,
    1,
    249,
    835,
    25,
    2,
    5,
    216,
    56,
    1814,
    30,
    1,
    1,
    3,
    31,
    83,
    113,
    29,
    0,
    36,
    5,
    6,
    51,
    97,
    1880,
    104,
    37,
    16,
    56,
    247,
    64,
    4,
    11,
    98,
    9,
    25,
    141,
    7,
    0,
    88,
    16,
    4,
    50,
    3288,
    1963,
    990,
    6,
    31,
    1,
    8,
    0,
    26,
    17,
    4,
    1,
    6,
    11,
    9,
    347,
    0,
    3,
    2,
    15,
    281,
    1,
    26,
    0,
    14,
    14,
    3,
    12,
    59,
    20,
    0,
    17,
    7,
    338,
    38,
    7,
    21,
    32,
    1093,
    172,
    188,
    350,
    126,
    23,
    373,
    28,
    57,
    21,
    1192,
    144,
    29,
    225,
    18,
    4,
    818,
    92,
    49,
    14,
    62,
    8,
    6,
    155,
    0,
    39,
    33,
    807,
    77,
    28,
    77,
    8,
    377,
    24,
    42,
    39,
    160,
    12,
    6,
    1,
    166,
    9,
    56,
    7,
    13,
    19,
    40,
    5,
    6,
    11,
    77,
    115,
    8,
    2768,
    35,
    4,
    783,
    77,
    322,
    12,
    22,
    90,
    16,
    3,
    10,
    6,
    101,
    1,
    670,
    245,
    6,
    6,
    62,
    7,
    30,
    105,
    18,
    5,
    70,
    89,
    8,
    47,
    163,
    13,
    8,
    0,
    218,
    1,
    80,
    9,
    9,
    1,
    5,
    1,
    15,
    674,
    7,
    13,
    94,
    969,
    1,
    19,
    40,
    16,
    3,
    2,
    135,
    1,
    5,
    28,
    17,
    0,
    7,
    1,
    5,
    2,
    2,
    6,
    71,
    10,
    0,
    13,
    1501,
    7,
    8,
    1587,
    26,
    15,
    1,
    37,
    9,
    180,
    48,
    5,
    1358,
    2,
    85,
    3,
    7,
    3,
    47,
    1,
    142,
    23,
    3538,
    264,
    12,
    86,
    21,
    17,
    12,
    178,
    164,
    3,
    124,
    24,
    156,
    4,
    6,
    4,
    31,
    45,
    0,
    21,
    2163,
    1,
    64,
    15,
    1,
    732,
    2,
    833,
    5,
    24,
    4,
    1461,
    7,
    17,
    4,
    66,
    137,
    37,
    0,
    26,
    1,
    11,
    2,
    152,
    56,
    3,
    99,
    14,
    41,
    546,
    126,
    7,
    191,
    293,
    110,
    118,
    4,
    7,
    321,
    8,
    2,
    234,
    5,
    70,
    293,
    9,
    32,
    4,
    8,
    82,
    1736,
    106,
    10,
    48,
    530,
    178,
    1322,
    184,
    10,
    1,
    21,
    16,
    4,
    57,
    9,
    43,
    42,
    11,
    210
  ],
  "intervention_topk": [
    [
      1,
      0.34269662921348315
    ],
    [
      2,
      0.5421348314606742
    ],
    [
      3,
      0.5955056179775281
    ]
  ],
  "intervention_rank_list": [
    1,
    30,
    0,
    3,
    2,
    9,
    2,
    0,
    1,
    4,
    21,
    5,
    1,
    25,
    0,
    2,
    2,
    1,
    8,
    0,
    0,
    4,
    0,
    6,
    2,
    10,
    1,
    7,
    3,
    5,
    0,
    45,
    16,
    275,
    0,
    9,
    9,
    0,
    1,
    7,
    2,
    63,
    1,
    0,
    9,
    193,
    1,
    1,
    0,
    56,
    1,
    176,
    0,
    0,
    0,
    0,
    1,
    0,
    9,
    2,
    0,
    1,
    0,
    0,
    7,
    7,
    146,
    4,
    1,
    0,
    1,
    17,
    8,
    0,
    0,
    9,
    0,
    1,
    24,
    0,
    0,
    22,
    0,
    1,
    5,
    1912,
    484,
    196,
    0,
    0,
    0,
    1,
    0,
    2,
    1,
    2,
    0,
    2,
    1,
    0,
    13,
    0,
    1,
    0,
    4,
    108,
    0,
    0,
    0,
    1,
    2,
    1,
    0,
    1,
    1,
    0,
    0,
    1,
    3,
    2,
    0,
    3,
    5,
    198,
    81,
    3,
    10,
    11,
    0,
    28,
    8,
    4,
    76,
    205,
    53,
    23,
    78,
    9,
    0,
    32,
    1,
    1,
    2,
    1,
    0,
    1,
    39,
    0,
    1,
    1,
    172,
    6,
    4,
    11,
    0,
    17,
    1,
    1,
    0,
    35,
    0,
    1,
    0,
    9,
    0,
    9,
    0,
    1,
    1,
    1,
    0,
    1,
    1,
    1,
    5,
    0,
    1491,
    6,
    0,
    115,
    4,
    7,
    0,
    0,
    8,
    1,
    0,
    0,
    0,
    5,
    0,
    46,
    13,
    0,
    0,
    4,
    1,
    3,
    1,
    0,
    1,
    10,
    7,
    0,
    1,
    1,
    1,
    0,
    0,
    8,
    0,
    21,
    1,
    2,
    0,
    0,
    0,
    1,
    44,
    2,
    2,
    46,
    153,
    0,
    3,
    2,
    0,
    0,
    0,
    0,
    0,
    0,
    0,
    0,
    0,
    0,
    0,
    0,
    0,
    0,
    0,
    7,
    1,
    0,
    4,
    113,
    0,
    1,
    614,
    3,
    1,
    0,
    8,
    4,
    69,
    13,
    0,
    253,
    1,
    17,
    0,
    1,
    0,
    1,
    0,
    3,
    6,
    952,
    29,
    1,
    8,
    9,
    1,
    4,
    6,
    48,
    0,
    13,
    3,
    19,
    0,
    0,
    1,
    0,
    0,
    0,
    4,
    789,
    0,
    1,
    0,
    0,
    205,
    0,
    39,
    1,
    15,
    0,
    368,
    1,
    2,
    0,
    3,
    68,
    0,
    0,
    0,
    0,
    0,
    0,
    8,
    17,
    0,
    3,
    1,
    0,
    90,
    16,
    0,
    18,
    14,
    1,
    15,
    0,
    4,
    44,
    1,
    0,
    6,
    0,
    3,
    6,
    1,
    5,
    0,
    1,
    3,
    11,
    4,
    1,
    5,
    79,
    33,
    231,
    7,
    0,
    1,
    2,
    0,
    0,
    4,
    1,
    1,
    1,
    0,
    33
  ]
}