{
  "clean_topk": [
    [
      1,
      0.16666666666666666
    ],
    [
      2,
      0.21428571428571427
    ],
    [
      3,
      0.21428571428571427
    ]
  ],
  "clean_rank_list": [
    153,
    10,
    45,
    4,
    4,
    5,
    44,
    461,
    107,
    0,
    47,
    3,
    61,
    62,
    24,
    142,
    1,
    0,
    4,
    17,
    34,
    15,
    0,
    186,
    0,
    18,
    47,
    8,
    1,
    23,
    114,
    0,
    0,
    0,
    16,
    40,
    16,
    14,
    42,
    57,
    7,
    59
  ],
  "intervention_topk": [
    [
      1,
      0.19047619047619047
    ],
    [
      2,
      0.23809523809523808
    ],
    [
      3,
      0.23809523809523808
    ]
  ],
  "intervention_rank_list": [
    160,
    10,
    32,
    5,
    11,
    6,
    45,
    631,
    105,
    0,
    38,
    5,
    65,
    58,
    22,
    137,
    1,
    0,
    3,
    20,
    37,
    23,
    0,
    153,
    0,
    20,
    46,
    9,
    0,
    17,
    107,
    0,
    0,
    0,
    10,
    28,
    13,
    14,
    39,
    43,
    1,
    28
  ]
}