{
  "clean_topk": [
    [
      1,
      0.047619047619047616
    ],
    [
      2,
      0.047619047619047616
    ],
    [
      3,
      0.047619047619047616
    ]
  ],
  "clean_rank_list": [
    29,
    64,
    22,
    43,
    33,
    45,
    21,
    15,
    15,
    9,
    101,
    10,
    83,
    256,
    66,
    52,
    11,
    38,
    27,
    24,
    43,
    0,
    66,
    0,
    16,
    11,
    52,
    23,
    19,
    20,
    37,
    41,
    19,
    42,
    14,
    48,
    13,
    13,
    208,
    59,
    15,
    10
  ],
  "intervention_topk": [
    [
      1,
      0.11904761904761904
    ],
    [
      2,
      0.35714285714285715
    ],
    [
      3,
      0.42857142857142855
    ]
  ],
  "intervention_rank_list": [
    4,
    1,
    7,
    1,
    19,
    11,
    3,
    4,
    1,
    0,
    24,
    0,
    4,
    9,
    4,
    3,
    1,
    6,
    7,
    3,
    3,
    0,
    11,
    0,
    1,
    1,
    8,
    6,
    3,
    3,
    2,
    1,
    4,
    6,
    2,
    1,
    1,
    0,
    4,
    3,
    2,
    1
  ]
}